Product Name,Product ID,Price,Price per unit,Brand,Category,Image URL,Minimum Quantity,Product Link,cgid,tracking_date,source
Mini Pizzas de Fiambre e Queijo,3052221,4.75,"€17,59/kg",Buitoni Piccolinis,Congelados/Pizzas,https://www.continente.pt/dw/image/v2/BDVS_PRD/on/demandware.static/-/Sites-col-master-catalog/default/dw11a9e0f2/images/col/305/3052221-hero.jpg?sw=280&sh=280,emb. 270 gr (9 un),https://www.continente.pt/produto/mini-pizzas-de-fiambre-e-queijo-buitoni-piccolinis-3052221.html,congelados,2024-11-13,Continente
Hambúrguer de Frango sem Glúten e Batatas Palitos Micro-ondas,7917961,5.39,"€12,25/kg",Iglo,Congelados/Hambúrgueres e Almôndegas,https://www.continente.pt/dw/image/v2/BDVS_PRD/on/demandware.static/-/Sites-col-master-catalog/default/dwc96ea4bc/images/col/791/7917961-frente.jpg?sw=280&sh=280,emb. 240 gr (4 un) + 200 gr,https://www.continente.pt/produto/hamburguer-de-frango-sem-gluten-e-batatas-palitos-micro-ondas-iglo-7917961.html,congelados,2024-11-13,Continente
Mimos de Pescada do Cabo Ultracongelados,5014116,9.99,"€9,99/kg",Pescanova,"Frescos/Peixaria/Filetes, Lombos e Postas/Congelado",https://www.continente.pt/dw/image/v2/BDVS_PRD/on/demandware.static/-/Sites-col-master-catalog/default/dw583a99e9/images/col/501/5014116-frente.jpg?sw=280&sh=280,emb. 1 kg,https://www.continente.pt/produto/mimos-de-pescada-do-cabo-ultracongelados-pescanova-5014116.html,congelados,2024-11-13,Continente
Gelado Cone Morango 6 unidades,5564190,5.49,"€10,17/lt",Cornetto,Congelados/Gelados/Gelados de Cone,https://www.continente.pt/dw/image/v2/BDVS_PRD/on/demandware.static/-/Sites-col-master-catalog/default/dw75e7c327/images/col/556/5564190-hero.jpg?sw=280&sh=280,emb. 540 ml (6 un),https://www.continente.pt/produto/gelado-cone-morango-6-unidades-cornetto-5564190.html,congelados,2024-11-13,Continente
Ervilhas,4882816,4.45,"€3,96/kg",Iglo,Congelados/Frutas e Legumes/Legumes,https://www.continente.pt/dw/image/v2/BDVS_PRD/on/demandware.static/-/Sites-col-master-catalog/default/dwa6c74b6c/images/col/488/4882816-frente.jpg?sw=280&sh=280,"emb. 1,125 kg",https://www.continente.pt/produto/ervilhas-iglo-4882816.html,congelados,2024-11-13,Continente
Batata Gomos Mediterranean,3911249,3.79,"€5,05/kg",McCain,Congelados/Batata Frita e Puré,https://www.continente.pt/dw/image/v2/BDVS_PRD/on/demandware.static/-/Sites-col-master-catalog/default/dwcbae9665/images/col/391/3911249-frente.png?sw=280&sh=280,emb. 750 gr,https://www.continente.pt/produto/batata-gomos-mediterranean-mccain-3911249.html,congelados,2024-11-13,Continente
Pizza Ristorante de Pepperoni e Salame,3002399,3.69,"€11,53/kg",Ristorante,Congelados/Pizzas,https://www.continente.pt/dw/image/v2/BDVS_PRD/on/demandware.static/-/Sites-col-master-catalog/default/dw6e1ecc2c/images/col/300/3002399-direito.png?sw=280&sh=280,emb. 337 gr,https://www.continente.pt/produto/pizza-ristorante-de-pepperoni-e-salame-ristorante-3002399.html,congelados,2024-11-13,Continente
Croquetes de Carne,7163251,2.79,"€8,72/kg",Continente,"Congelados/Salgados, Folhados e Pastelaria/Salgados",https://www.continente.pt/dw/image/v2/BDVS_PRD/on/demandware.static/-/Sites-col-master-catalog/default/dw9677cb4f/images/col/716/7163251-hero.jpg?sw=280&sh=280,emb. 320 gr (10 un),https://www.continente.pt/produto/croquetes-de-carne-continente-7163251.html,congelados,2024-11-13,Continente
Porções de Salmão Ultracongelado,3738132,13.99,"€27,98/kg",Royal Greenland,"Frescos/Peixaria/Filetes, Lombos e Postas/Congelado",https://www.continente.pt/dw/image/v2/BDVS_PRD/on/demandware.static/-/Sites-col-master-catalog/default/dw185f4d7d/images/col/373/3738132-frente.jpg?sw=280&sh=280,5 un x 100 gr (500 gr),https://www.continente.pt/produto/porcoes-de-salmao-ultracongelado-royal-greenland-3738132.html,congelados,2024-11-13,Continente
Crocantes de Frango Parmesão e Ervas,5779700,3.74,"€20,78/kg",Iglo,Congelados/Nuggets e Crocantes,https://www.continente.pt/dw/image/v2/BDVS_PRD/on/demandware.static/-/Sites-col-master-catalog/default/dwbca393f0/images/col/577/5779700-direito.jpg?sw=280&sh=280,emb. 180 gr (2 un),https://www.continente.pt/produto/crocantes-de-frango-parmesao-e-ervas-iglo-5779700.html,congelados,2024-11-13,Continente
Miolo de Camarão Grande 40/60 Ultracongelado,5691213,4.59,"€22,95/kg",Pescanova,Frescos/Peixaria/Marisco/Congelado,https://www.continente.pt/dw/image/v2/BDVS_PRD/on/demandware.static/-/Sites-col-master-catalog/default/dwd0fa62ae/images/col/569/5691213-frente.jpg?sw=280&sh=280,emb. 200 gr,https://www.continente.pt/produto/miolo-de-camarao-grande-40-60-ultracongelado-pescanova-5691213.html,congelados,2024-11-13,Continente
Esparregado de Espinafres,5593773,3.49,"€4,65/kg",Iglo,Congelados/Frutas e Legumes/Legumes,https://www.continente.pt/dw/image/v2/BDVS_PRD/on/demandware.static/-/Sites-col-master-catalog/default/dw09b35d08/images/col/559/5593773-direito.jpg?sw=280&sh=280,emb. 750 gr,https://www.continente.pt/produto/esparregado-de-espinafres-iglo-5593773.html,congelados,2024-11-13,Continente
Gelado Cookie Dough,7109616,6.79,"€14,60/lt",Ben & Jerrys,Congelados/Gelados/Gelados Americanos,https://www.continente.pt/dw/image/v2/BDVS_PRD/on/demandware.static/-/Sites-col-master-catalog/default/dw31ab2a4e/images/col/710/7109616-hero.jpg?sw=280&sh=280,emb. 465 ml,https://www.continente.pt/produto/gelado-cookie-dough-ben-jerrys-7109616.html,congelados,2024-11-13,Continente
Pão de Queijo,7055967,2.69,"€8,97/kg",Continente Seleção,"Congelados/Salgados, Folhados e Pastelaria/Pão de Alho e Pão de Queijo",https://www.continente.pt/dw/image/v2/BDVS_PRD/on/demandware.static/-/Sites-col-master-catalog/default/dw4821eeb7/images/col/705/7055967-frente.jpg?sw=280&sh=280,emb. 300 gr (12 un),https://www.continente.pt/produto/pao-de-queijo-continente-selecao-7055967.html,congelados,2024-11-13,Continente
Almôndegas de Proteína Vegetal,7207960,5.34,"€22,25/kg",Iglo Green Cuisine,Congelados/Hambúrgueres e Almôndegas,https://www.continente.pt/dw/image/v2/BDVS_PRD/on/demandware.static/-/Sites-col-master-catalog/default/dwe32aa314/images/col/720/7207960-frente.jpg?sw=280&sh=280,emb. 240 gr (10 un),https://www.continente.pt/produto/almondegas-de-proteina-vegetal-iglo-green-cuisine-7207960.html,congelados,2024-11-13,Continente
Gelado Perna de Pau,4704539,4.99,"€11,88/lt",Olá,Congelados/Gelados/Gelados Infantis,https://www.continente.pt/dw/image/v2/BDVS_PRD/on/demandware.static/-/Sites-col-master-catalog/default/dw5246defe/images/col/470/4704539-hero.jpg?sw=280&sh=280,emb. 420 ml (6 un),https://www.continente.pt/produto/gelado-perna-de-pau-ola-4704539.html,congelados,2024-11-13,Continente
Açaí Biológico,8021790,8.99,"€19,01/kg",Oakberry,Congelados/Frutas e Legumes/Frutas,https://www.continente.pt/dw/image/v2/BDVS_PRD/on/demandware.static/-/Sites-col-master-catalog/default/dw15f85d23/images/col/802/8021790-frente.jpg?sw=280&sh=280,emb. 473 ml,https://www.continente.pt/produto/acai-biologico-oakberry-8021790.html,congelados,2024-11-13,Continente
Batata Palitos Golden Long,2241870,3.99,"€3,99/kg",McCain,Congelados/Batata Frita e Puré,https://www.continente.pt/dw/image/v2/BDVS_PRD/on/demandware.static/-/Sites-col-master-catalog/default/dw555daa31/images/col/224/2241870-frente.png?sw=280&sh=280,emb. 1 kg,https://www.continente.pt/produto/batata-palitos-golden-long-mccain-2241870.html,congelados,2024-11-13,Continente
Pizza Rústica Royale,7052742,5.19,"€9,03/kg",Rústica,Congelados/Pizzas,https://www.continente.pt/dw/image/v2/BDVS_PRD/on/demandware.static/-/Sites-col-master-catalog/default/dw44d87e83/images/col/705/7052742-direito.png?sw=280&sh=280,emb. 575 gr,https://www.continente.pt/produto/pizza-rustica-royale-rustica-7052742.html,congelados,2024-11-13,Continente
Lombos de Salmão ASC Ultracongelado,6635820,12.99,"€25,98/kg",Continente,"Frescos/Peixaria/Filetes, Lombos e Postas/Congelado",https://www.continente.pt/dw/image/v2/BDVS_PRD/on/demandware.static/-/Sites-col-master-catalog/default/dwddcec5ad/images/col/663/6635820-frente.jpg?sw=280&sh=280,4 un x 125 gr (500 gr),https://www.continente.pt/produto/lombos-de-salmao-asc-ultracongelado-continente-6635820.html,congelados,2024-11-13,Continente
Brócolos,7759026,1.88,"€1,88/kg",Continente,Congelados/Frutas e Legumes/Legumes,https://www.continente.pt/dw/image/v2/BDVS_PRD/on/demandware.static/-/Sites-col-master-catalog/default/dw84e35dc0/images/col/775/7759026-frente.jpg?sw=280&sh=280,emb. 1 kg,https://www.continente.pt/produto/brocolos-continente-7759026.html,congelados,2024-11-13,Continente
Bacalhau Desfiado MSC Demolhado Ultracongelado,7291007,5.49,"€10,98/kg",Continente,Frescos/Peixaria/Bacalhau/Congelado,https://www.continente.pt/dw/image/v2/BDVS_PRD/on/demandware.static/-/Sites-col-master-catalog/default/dw14479e00/images/col/729/7291007-frente.jpg?sw=280&sh=280,emb. 500 gr,https://www.continente.pt/produto/bacalhau-desfiado-msc-demolhado-ultracongelado-continente-7291007.html,congelados,2024-11-13,Continente
Ervilhas,6881807,1.38,"€1,38/kg",Continente,Congelados/Frutas e Legumes/Legumes,https://www.continente.pt/dw/image/v2/BDVS_PRD/on/demandware.static/-/Sites-col-master-catalog/default/dwc1780928/images/col/688/6881807-frente.jpg?sw=280&sh=280,emb. 1 kg,https://www.continente.pt/produto/ervilhas-continente-6881807.html,congelados,2024-11-13,Continente
Alho Picado,2907529,1.19,"€7,93/kg",Continente,Congelados/Frutas e Legumes/Legumes,https://www.continente.pt/dw/image/v2/BDVS_PRD/on/demandware.static/-/Sites-col-master-catalog/default/dwb4068c82/images/col/290/2907529-hero.jpg?sw=280&sh=280,emb. 150 gr,https://www.continente.pt/produto/alho-picado-continente-2907529.html,congelados,2024-11-13,Continente
Cebola Picada,8028031,1.49,"€2,48/kg",Continente,Congelados/Frutas e Legumes/Legumes,https://www.continente.pt/dw/image/v2/BDVS_PRD/on/demandware.static/-/Sites-col-master-catalog/default/dw8be04275/images/col/802/8028031-frente.png?sw=280&sh=280,emb. 600 gr,https://www.continente.pt/produto/cebola-picada-continente-8028031.html,congelados,2024-11-13,Continente
Abóbora aos Pedaços,7400655,1.98,"€2,64/kg",Continente,Congelados/Frutas e Legumes/Legumes,https://www.continente.pt/dw/image/v2/BDVS_PRD/on/demandware.static/-/Sites-col-master-catalog/default/dwad0b1bf6/images/col/740/7400655-frente.jpg?sw=280&sh=280,emb. 750 gr,https://www.continente.pt/produto/abobora-aos-pedacos-continente-7400655.html,congelados,2024-11-13,Continente
Lombos de Bacalhau da Noruega MSC Demolhado Ultracongelado,7291113,12.99,"€16,24/kg",Continente,Frescos/Peixaria/Bacalhau/Congelado,https://www.continente.pt/dw/image/v2/BDVS_PRD/on/demandware.static/-/Sites-col-master-catalog/default/dw287aec2f/images/col/729/7291113-frente.jpg?sw=280&sh=280,emb. 800 gr,https://www.continente.pt/produto/lombos-de-bacalhau-da-noruega-msc-demolhado-ultracongelado-continente-7291113.html,congelados,2024-11-13,Continente
Espinafres em Folha,2839624,1.19,"€1,59/kg",Continente,Congelados/Frutas e Legumes/Legumes,https://www.continente.pt/dw/image/v2/BDVS_PRD/on/demandware.static/-/Sites-col-master-catalog/default/dw7b5f5114/images/col/283/2839624-hero.jpg?sw=280&sh=280,emb. 750 gr,https://www.continente.pt/produto/espinafres-em-folha-continente-2839624.html,congelados,2024-11-13,Continente
Couve Flor,7973094,1.38,"€1,84/kg",Continente,Congelados/Frutas e Legumes/Legumes,https://www.continente.pt/dw/image/v2/BDVS_PRD/on/demandware.static/-/Sites-col-master-catalog/default/dw34b948ff/images/col/797/7973094-frente.jpg?sw=280&sh=280,emb. 750 gr,https://www.continente.pt/produto/couve-flor-continente-7973094.html,congelados,2024-11-13,Continente
Miolo de Camarão Selvagem 20/40 Congelado,7147180,5.99,"€14,97/kg",Continente,Frescos/Peixaria/Marisco/Congelado,https://www.continente.pt/dw/image/v2/BDVS_PRD/on/demandware.static/-/Sites-col-master-catalog/default/dwfa259268/images/col/714/7147180-frente.jpg?sw=280&sh=280,emb. 400 gr,https://www.continente.pt/produto/miolo-de-camarao-selvagem-20-40-congelado-continente-7147180.html,congelados,2024-11-13,Continente
Os Gelados Irresistíveis,food107magnum,9.48,,,Congelados/Gelados/Gelados de Pauzinho,https://www.continente.pt/dw/image/v2/BDVS_PRD/on/demandware.static/-/Sites-col-master-catalog/default/dwae2dfa94/images/col/foo/food107magnum-frente.jpg?sw=280&sh=280,,https://www.continente.pt/produto/os-gelados-irresistiveis-food107magnum.html,congelados,2024-11-13,Continente
Filetes de Robalo ASC Ultracongelado,7415730,5.99,"€29,95/kg",Iglo,"Frescos/Peixaria/Filetes, Lombos e Postas/Congelado",https://www.continente.pt/dw/image/v2/BDVS_PRD/on/demandware.static/-/Sites-col-master-catalog/default/dwb92347e0/images/col/741/7415730-direito.jpg?sw=280&sh=280,2 un x 100 gr (200 gr),https://www.continente.pt/produto/filetes-de-robalo-asc-ultracongelado-iglo-7415730.html,congelados,2024-11-13,Continente
Puré de Batata com Noz Moscada,6531407,2.49,"€2,49/kg",Continente,Congelados/Batata Frita e Puré,https://www.continente.pt/dw/image/v2/BDVS_PRD/on/demandware.static/-/Sites-col-master-catalog/default/dw6767ffe8/images/col/653/6531407-hero.jpg?sw=280&sh=280,emb. 1 kg,https://www.continente.pt/produto/pure-de-batata-com-noz-moscada-continente-6531407.html,congelados,2024-11-13,Continente
Medalhões de Salmão Ultracongelado,7656035,11.49,"€28,72/kg",Pescanova,"Frescos/Peixaria/Filetes, Lombos e Postas/Congelado",https://www.continente.pt/dw/image/v2/BDVS_PRD/on/demandware.static/-/Sites-col-master-catalog/default/dw90e92b44/images/col/765/7656035-frente.jpg?sw=280&sh=280,emb. 400 gr,https://www.continente.pt/produto/medalhoes-de-salmao-ultracongelado-pescanova-7656035.html,congelados,2024-11-13,Continente
Mimos de Pescada Ultracongelada,2632478,3.99,"€11,08/kg",Pescanova,"Frescos/Peixaria/Filetes, Lombos e Postas/Congelado",https://www.continente.pt/dw/image/v2/BDVS_PRD/on/demandware.static/-/Sites-col-master-catalog/default/dw101d5fe4/images/col/263/2632478-frente.jpg?sw=280&sh=280,6 un x 60 gr (360 gr),https://www.continente.pt/produto/mimos-de-pescada-ultracongelada-pescanova-2632478.html,congelados,2024-11-13,Continente
Miolo de Camarão 80/100 Ultracongelado,4750959,2.79,"€11,16/kg",Continente,Frescos/Peixaria/Marisco/Congelado,https://www.continente.pt/dw/image/v2/BDVS_PRD/on/demandware.static/-/Sites-col-master-catalog/default/dwefe74a89/images/col/475/4750959-frente.jpg?sw=280&sh=280,emb. 250 gr,https://www.continente.pt/produto/miolo-de-camarao-80-100-ultracongelado-continente-4750959.html,congelados,2024-11-13,Continente
Mini Pizzas de Três Queijos,3052233,4.75,"€17,59/kg",Buitoni Piccolinis,Congelados/Pizzas,https://www.continente.pt/dw/image/v2/BDVS_PRD/on/demandware.static/-/Sites-col-master-catalog/default/dw9e8718b0/images/col/305/3052233-hero.jpg?sw=280&sh=280,emb. 270 gr (9 un),https://www.continente.pt/produto/mini-pizzas-de-tres-queijos-buitoni-piccolinis-3052233.html,congelados,2024-11-13,Continente
Filetes Primavera Original sem Glúten,6601781,4.99,"€19,96/kg",Iglo,Congelados/Douradinhos e Filetes,https://www.continente.pt/dw/image/v2/BDVS_PRD/on/demandware.static/-/Sites-col-master-catalog/default/dwe8af3820/images/col/660/6601781-direito.jpg?sw=280&sh=280,emb. 250 gr (2 un),https://www.continente.pt/produto/filetes-primavera-original-sem-gluten-iglo-6601781.html,congelados,2024-11-13,Continente
Cubos de Tamboril Ultracongelados,2217113,7.09,"€23,63/kg",Pescanova,"Frescos/Peixaria/Filetes, Lombos e Postas/Congelado",https://www.continente.pt/dw/image/v2/BDVS_PRD/on/demandware.static/-/Sites-col-master-catalog/default/dw6a00ac95/images/col/221/2217113-direito.jpg?sw=280&sh=280,emb. 300 gr,https://www.continente.pt/produto/cubos-de-tamboril-ultracongelados-pescanova-2217113.html,congelados,2024-11-13,Continente
Edamame Descascado,7835426,1.99,"€4,98/kg",Continente,Congelados/Frutas e Legumes/Legumes,https://www.continente.pt/dw/image/v2/BDVS_PRD/on/demandware.static/-/Sites-col-master-catalog/default/dwe340a2af/images/col/783/7835426-cima.jpg?sw=280&sh=280,emb. 400 gr,https://www.continente.pt/produto/edamame-descascado-continente-7835426.html,congelados,2024-11-13,Continente
Pizza Forno Di Pietra de Fiambre e Queijo,6772594,3.64,"€10,40/kg",Buitoni Forno di Pietra,Congelados/Pizzas,https://www.continente.pt/dw/image/v2/BDVS_PRD/on/demandware.static/-/Sites-col-master-catalog/default/dw7427445d/images/col/677/6772594-frente.png?sw=280&sh=280,emb. 350 gr,https://www.continente.pt/produto/pizza-forno-di-pietra-de-fiambre-e-queijo-buitoni-forno-di-pietra-6772594.html,congelados,2024-11-13,Continente
Gelado Rol,7976847,4.99,"€13,86/lt",Olá,Congelados/Gelados/Gelados de Pauzinho,https://www.continente.pt/dw/image/v2/BDVS_PRD/on/demandware.static/-/Sites-col-master-catalog/default/dwd28efb5b/images/col/797/7976847-direito.png?sw=280&sh=280,emb. 360 ml,https://www.continente.pt/produto/gelado-rol-ola-7976847.html,congelados,2024-11-13,Continente
Filetes de Pescada do Cabo Ultracongelada,4970019,3.99,"€9,97/kg",Continente,"Congelados/Peixe, Marisco e Carne/Peixe",https://www.continente.pt/dw/image/v2/BDVS_PRD/on/demandware.static/-/Sites-col-master-catalog/default/dwfbbe6c81/images/col/497/4970019-frente.jpg?sw=280&sh=280,emb. 400 gr,https://www.continente.pt/produto/filetes-de-pescada-do-cabo-ultracongelada-continente-4970019.html,congelados,2024-11-13,Continente
Gelado Caramelo e Manteiga de Amendoim com cobertura Chocolate,7622308,5.49,"€20,33/kg",Snickers,Congelados/Gelados/Mini Bites e Sandwich,https://www.continente.pt/dw/image/v2/BDVS_PRD/on/demandware.static/-/Sites-col-master-catalog/default/dw4fe280dc/images/col/762/7622308-direito.jpg?sw=280&sh=280,emb. 270 gr (6 un),https://www.continente.pt/produto/gelado-caramelo-e-manteiga-de-amendoim-com-cobertura-chocolate-snickers-7622308.html,congelados,2024-11-13,Continente
Peito de Pato Congelado,4283242,14.99,"€9,74/un",Quinta da Marinha,Frescos/Talho/Pato e Coelho,https://www.continente.pt/dw/image/v2/BDVS_PRD/on/demandware.static/-/Sites-col-master-catalog/default/dwe11c025b/images/col/428/4283242-frente.jpg?sw=280&sh=280,emb. 650 gr (aprox.),https://www.continente.pt/produto/peito-de-pato-congelado-quinta-da-marinha-4283242.html,congelados,2024-11-13,Continente
Mirtilos,7594144,3.74,"€12,47/kg",Origens Bio,Congelados/Frutas e Legumes/Frutas,https://www.continente.pt/dw/image/v2/BDVS_PRD/on/demandware.static/-/Sites-col-master-catalog/default/dw2dd54277/images/col/759/7594144-frente.jpg?sw=280&sh=280,emb. 300 gr,https://www.continente.pt/produto/mirtilos-origens-bio-7594144.html,congelados,2024-11-13,Continente
Hambúrguer de Frango sem Glúten,5696986,13.49,"€28,10/kg",Capitão Iglo,Congelados/Hambúrgueres e Almôndegas,https://www.continente.pt/dw/image/v2/BDVS_PRD/on/demandware.static/-/Sites-col-master-catalog/default/dw43318845/images/col/569/5696986-direito.jpg?sw=280&sh=280,emb. 480 gr (8 un),https://www.continente.pt/produto/hamburguer-de-frango-sem-gluten-capitao-iglo-5696986.html,congelados,2024-11-13,Continente
Osso Buco de Vitela Branca Congelado,7412680,9.99,"€6,79/un",Continente,"Frescos/Talho/Novilho, Vitela e Vitelão",https://www.continente.pt/dw/image/v2/BDVS_PRD/on/demandware.static/-/Sites-col-master-catalog/default/dw30f45d1a/images/col/741/7412680-frente.jpg?sw=280&sh=280,emb. 680 gr (aprox.),https://www.continente.pt/produto/osso-buco-de-vitela-branca-congelado-continente-7412680.html,congelados,2024-11-13,Continente
Pizza de Atum,7252642,2.19,"€6,26/kg",Continente,Congelados/Pizzas,https://www.continente.pt/dw/image/v2/BDVS_PRD/on/demandware.static/-/Sites-col-master-catalog/default/dwb3a29e65/images/col/725/7252642-frente.jpg?sw=280&sh=280,emb. 350 gr,https://www.continente.pt/produto/pizza-de-atum-continente-7252642.html,congelados,2024-11-13,Continente
Moelas de Frango Congeladas,2430285,1.99,"€1,99/un",Perdix,Frescos/Talho/Frango e Peru,https://www.continente.pt/dw/image/v2/BDVS_PRD/on/demandware.static/-/Sites-col-master-catalog/default/dw2cd7e3cc/images/col/243/2430285-frente.jpg?sw=280&sh=280,emb. 1 kg,https://www.continente.pt/produto/moelas-de-frango-congeladas-perdix-2430285.html,congelados,2024-11-13,Continente
Mistura de Legumes Vaporizados,6306259,4.44,"€5,92/kg",Bonduelle,Congelados/Frutas e Legumes/Misturas de Legumes,https://www.continente.pt/dw/image/v2/BDVS_PRD/on/demandware.static/-/Sites-col-master-catalog/default/dwd6b5ee14/images/col/630/6306259-frente.jpg?sw=280&sh=280,emb. 750 gr,https://www.continente.pt/produto/mistura-de-legumes-vaporizados-bonduelle-6306259.html,congelados,2024-11-13,Continente
Tranches de Salmão Selvagem MSC Ultracongelado,4716958,7.99,"€31,96/kg",Iglo,"Frescos/Peixaria/Filetes, Lombos e Postas/Congelado",https://www.continente.pt/dw/image/v2/BDVS_PRD/on/demandware.static/-/Sites-col-master-catalog/default/dw561cd123/images/col/471/4716958-frente.jpg?sw=280&sh=280,2 un x 125 gr (250 gr),https://www.continente.pt/produto/tranches-de-salmao-selvagem-msc-ultracongelado-iglo-4716958.html,congelados,2024-11-13,Continente
Mini Pizzas de Tomate e Mozzarella,5548894,4.75,"€17,59/kg",Buitoni Piccolinis,Congelados/Pizzas,https://www.continente.pt/dw/image/v2/BDVS_PRD/on/demandware.static/-/Sites-col-master-catalog/default/dwc732d2ff/images/col/554/5548894-hero.jpg?sw=280&sh=280,emb. 270 gr (9 un),https://www.continente.pt/produto/mini-pizzas-de-tomate-e-mozzarella-buitoni-piccolinis-5548894.html,congelados,2024-11-13,Continente
Espinafres Mil-Folhas,5383692,1.64,"€4,10/kg",Bonduelle,Congelados/Frutas e Legumes/Legumes,https://www.continente.pt/dw/image/v2/BDVS_PRD/on/demandware.static/-/Sites-col-master-catalog/default/dwae251a28/images/col/538/5383692-frente.jpg?sw=280&sh=280,emb. 400 gr,https://www.continente.pt/produto/espinafres-mil-folhas-bonduelle-5383692.html,congelados,2024-11-13,Continente
Carne Kebab Frango,8020441,3.0,"€10,00/kg",Continente,Congelados/Hambúrgueres e Almôndegas,https://www.continente.pt/dw/image/v2/BDVS_PRD/on/demandware.static/-/Sites-col-master-catalog/default/dw212ecc4a/images/col/802/8020441-frente.jpg?sw=280&sh=280,emb. 300 gr,https://www.continente.pt/produto/carne-kebab-frango-continente-8020441.html,congelados,2024-11-13,Continente
Medalhões de Pescada sem Pele Ultracongelada,2211915,5.79,"€14,47/kg",Pescanova,"Frescos/Peixaria/Filetes, Lombos e Postas/Congelado",https://www.continente.pt/dw/image/v2/BDVS_PRD/on/demandware.static/-/Sites-col-master-catalog/default/dwf51e37eb/images/col/221/2211915-frente.jpg?sw=280&sh=280,4 un x 100 gr (400 gr),https://www.continente.pt/produto/medalhoes-de-pescada-sem-pele-ultracongelada-pescanova-2211915.html,congelados,2024-11-13,Continente
Gelado Romântica,7141073,4.79,"€6,39/lt",Carte DOr,Congelados/Gelados/Tartes Geladas e Viennettas,https://www.continente.pt/dw/image/v2/BDVS_PRD/on/demandware.static/-/Sites-col-master-catalog/default/dwa495ca32/images/col/714/7141073-hero.jpg?sw=280&sh=280,emb. 750 ml,https://www.continente.pt/produto/gelado-romantica-carte-dor-7141073.html,congelados,2024-11-13,Continente
Gelado Mini Euphoria Limão e Framboesa,7947238,6.99,"€21,18/lt",Magnum,Congelados/Gelados/Gelados de Pauzinho,https://www.continente.pt/dw/image/v2/BDVS_PRD/on/demandware.static/-/Sites-col-master-catalog/default/dwbec3ce9e/images/col/794/7947238-esquerdo.jpg?sw=280&sh=280,emb. 330 ml (6 un),https://www.continente.pt/produto/gelado-mini-euphoria-limao-e-framboesa-magnum-7947238.html,congelados,2024-11-13,Continente
Coentros Picados,2907551,1.69,"€11,27/kg",Continente,Congelados/Frutas e Legumes/Legumes,https://www.continente.pt/dw/image/v2/BDVS_PRD/on/demandware.static/-/Sites-col-master-catalog/default/dwc0194443/images/col/290/2907551-hero.jpg?sw=280&sh=280,emb. 150 gr,https://www.continente.pt/produto/coentros-picados-continente-2907551.html,congelados,2024-11-13,Continente
Choco Limpo Ultracongelado,4277919,7.19,"€14,38/kg",Pescanova,"Frescos/Peixaria/Polvo, Lulas e Chocos/Congelado",https://www.continente.pt/dw/image/v2/BDVS_PRD/on/demandware.static/-/Sites-col-master-catalog/default/dw9591265b/images/col/427/4277919-frente.jpg?sw=280&sh=280,emb. 500 gr,https://www.continente.pt/produto/choco-limpo-ultracongelado-pescanova-4277919.html,congelados,2024-11-13,Continente
Lombos de Pescada MSC Ultracongelada Pack Poupança,5768501,9.89,"€9,89/kg",Continente,"Frescos/Peixaria/Filetes, Lombos e Postas/Congelado",https://www.continente.pt/dw/image/v2/BDVS_PRD/on/demandware.static/-/Sites-col-master-catalog/default/dwab533364/images/col/576/5768501-frente.jpg?sw=280&sh=280,emb. 1 kg,https://www.continente.pt/produto/lombos-de-pescada-msc-ultracongelada-pack-poupanca-continente-5768501.html,congelados,2024-11-13,Continente
Pizza Ristorante Bolonhesa,4470616,3.69,"€9,84/kg",Ristorante,Congelados/Pizzas,https://www.continente.pt/dw/image/v2/BDVS_PRD/on/demandware.static/-/Sites-col-master-catalog/default/dw1c72fdd4/images/col/447/4470616-direito.png?sw=280&sh=280,emb. 395 gr,https://www.continente.pt/produto/pizza-ristorante-bolonhesa-ristorante-4470616.html,congelados,2024-11-13,Continente
Douradinhos de Peixe,7949171,7.99,"€5,33/kg",Continente,Congelados/Douradinhos e Filetes,https://www.continente.pt/dw/image/v2/BDVS_PRD/on/demandware.static/-/Sites-col-master-catalog/default/dw48722279/images/col/794/7949171-frente.jpg?sw=280&sh=280,"emb. 1,5 kg",https://www.continente.pt/produto/douradinhos-de-peixe-continente-7949171.html,congelados,2024-11-13,Continente
Batata Palitos Finos,8020289,3.59,"€1,80/kg",Continente,Congelados/Batata Frita e Puré,https://www.continente.pt/dw/image/v2/BDVS_PRD/on/demandware.static/-/Sites-col-master-catalog/default/dw1050950b/images/col/802/8020289-frente.jpg?sw=280&sh=280,emb. 2 kg,https://www.continente.pt/produto/batata-palitos-finos-continente-8020289.html,congelados,2024-11-13,Continente
Postas Médias de Bacalhau MSC Demolhado Ultracongelado,7291115,4.59,"€7,65/kg",Continente,Frescos/Peixaria/Bacalhau/Congelado,https://www.continente.pt/dw/image/v2/BDVS_PRD/on/demandware.static/-/Sites-col-master-catalog/default/dw06886228/images/col/729/7291115-frente.jpg?sw=280&sh=280,emb. 600 gr,https://www.continente.pt/produto/postas-medias-de-bacalhau-msc-demolhado-ultracongelado-continente-7291115.html,congelados,2024-11-13,Continente
Ravioli Ricotta e Espinafres com Molho de Tomate,7943899,2.99,"€9,97/kg",Iglo,Congelados/Refeições Prontas,https://www.continente.pt/dw/image/v2/BDVS_PRD/on/demandware.static/-/Sites-col-master-catalog/default/dwe8bc8dd9/images/col/794/7943899-frente.jpg?sw=280&sh=280,emb. 300 gr,https://www.continente.pt/produto/ravioli-ricotta-e-espinafres-com-molho-de-tomate-iglo-7943899.html,congelados,2024-11-13,Continente
Veggie Bowls de Couscous e Edamame,7090521,3.99,"€11,40/kg",Iglo Green Cuisine,Congelados/Frutas e Legumes/Misturas de Legumes,https://www.continente.pt/dw/image/v2/BDVS_PRD/on/demandware.static/-/Sites-col-master-catalog/default/dwfe6ae17b/images/col/709/7090521-frente.jpg?sw=280&sh=280,emb. 350 gr,https://www.continente.pt/produto/veggie-bowls-de-couscous-e-edamame-iglo-green-cuisine-7090521.html,congelados,2024-11-13,Continente
Gelado Caramel & Nuts,8066839,3.59,"€14,02/lt",Magnum,Congelados/Gelados/Mini Bites e Sandwich,https://www.continente.pt/dw/image/v2/BDVS_PRD/on/demandware.static/-/Sites-col-master-catalog/default/dw3f09075a/images/col/806/8066839-frente-direito.png?sw=280&sh=280,emb. 256 ml (4 un),https://www.continente.pt/produto/gelado-caramel-nuts-magnum-8066839.html,congelados,2024-11-13,Continente
Lombo de Porco Preto Congelado,6842593,23.99,"€20,39/un",Miguel & Miguel,Frescos/Talho/Porco,https://www.continente.pt/dw/image/v2/BDVS_PRD/on/demandware.static/-/Sites-col-master-catalog/default/dw85dd096e/images/col/684/6842593-frente.jpg?sw=280&sh=280,emb. 850 gr (aprox.),https://www.continente.pt/produto/lombo-de-porco-preto-congelado-miguel-miguel-6842593.html,congelados,2024-11-13,Continente
Peskitos de Pescada sem Glúten,7929409,7.49,"€7,49/kg",Pescanova,Congelados/Nuggets e Crocantes,https://www.continente.pt/dw/image/v2/BDVS_PRD/on/demandware.static/-/Sites-col-master-catalog/default/dwb835beeb/images/col/792/7929409-frente.jpg?sw=280&sh=280,emb. 1 kg,https://www.continente.pt/produto/peskitos-de-pescada-sem-gluten-pescanova-7929409.html,congelados,2024-11-13,Continente
Pescada Média do Cabo MSC para Fritar Ultracongelada,4741916,2.59,"€6,47/kg",Continente,"Frescos/Peixaria/Filetes, Lombos e Postas/Congelado",https://www.continente.pt/dw/image/v2/BDVS_PRD/on/demandware.static/-/Sites-col-master-catalog/default/dwc0dfa1e2/images/col/474/4741916-frente.jpg?sw=280&sh=280,emb. 400 gr,https://www.continente.pt/produto/pescada-media-do-cabo-msc-para-fritar-ultracongelada-continente-4741916.html,congelados,2024-11-13,Continente
Crocantes de Frango Recheados Alho e Ervas,6649190,5.34,"€26,18/kg",Iglo,Congelados/Nuggets e Crocantes,https://www.continente.pt/dw/image/v2/BDVS_PRD/on/demandware.static/-/Sites-col-master-catalog/default/dwb5c0ce2f/images/col/664/6649190-direito.jpg?sw=280&sh=280,emb. 204 gr (2 un),https://www.continente.pt/produto/crocantes-de-frango-recheados-alho-e-ervas-iglo-6649190.html,congelados,2024-11-13,Continente
Lombos de Bacalhau MSC sem Espinhas Congelados,7326868,19.19,"€42,64/kg",Riberalves,Frescos/Peixaria/Bacalhau/Congelado,https://www.continente.pt/dw/image/v2/BDVS_PRD/on/demandware.static/-/Sites-col-master-catalog/default/dwa7324b21/images/col/732/7326868-frente.jpg?sw=280&sh=280,3 un x 150 gr (450 gr),https://www.continente.pt/produto/lombos-de-bacalhau-msc-sem-espinhas-congelados-riberalves-7326868.html,congelados,2024-11-13,Continente
Gelado Baunilha e Nozes Pecan,7411090,2.79,"€2,94/lt",Continente,Congelados/Gelados/Gelados Familiares,https://www.continente.pt/dw/image/v2/BDVS_PRD/on/demandware.static/-/Sites-col-master-catalog/default/dwe6ba6c70/images/col/741/7411090-frente.jpg?sw=280&sh=280,emb. 950 ml,https://www.continente.pt/produto/gelado-baunilha-e-nozes-pecan-continente-7411090.html,congelados,2024-11-13,Continente
Mimos de Pescada Panada Alho e Salsa,7947166,4.69,"€13,03/kg",Pescanova,Congelados/Douradinhos e Filetes,https://www.continente.pt/dw/image/v2/BDVS_PRD/on/demandware.static/-/Sites-col-master-catalog/default/dw774cdf05/images/col/794/7947166-frente-esquerdo.jpg?sw=280&sh=280,emb. 360 gr,https://www.continente.pt/produto/mimos-de-pescada-panada-alho-e-salsa-pescanova-7947166.html,congelados,2024-11-13,Continente
Panquecas de Banana e Espelta,7627280,3.29,"€13,71/kg",Continente,Congelados/Sobremesas/Crepes e Petit Gâteau,https://www.continente.pt/dw/image/v2/BDVS_PRD/on/demandware.static/-/Sites-col-master-catalog/default/dw96f9ac46/images/col/762/7627280-hero.jpg?sw=280&sh=280,emb. 240 gr,https://www.continente.pt/produto/panquecas-de-banana-e-espelta-continente-7627280.html,congelados,2024-11-13,Continente
Rabos de Pescada MSC Ultracongelada Pack Poupança,7384638,5.99,"€3,99/kg",Continente,Frescos/Peixaria/Peixe Congelado,https://www.continente.pt/dw/image/v2/BDVS_PRD/on/demandware.static/-/Sites-col-master-catalog/default/dw85359a91/images/col/738/7384638-frente.jpg?sw=280&sh=280,"emb. 1,5 kg",https://www.continente.pt/produto/rabos-de-pescada-msc-ultracongelada-pack-poupanca-continente-7384638.html,congelados,2024-11-13,Continente
Gelado Cone Caramelo,8083248,5.99,"€7,99/lt",Cornetto,Congelados/Gelados/Gelados de Cone,https://www.continente.pt/dw/image/v2/BDVS_PRD/on/demandware.static/-/Sites-col-master-catalog/default/dw99dbd544/images/col/808/8083248-frente.png?sw=280&sh=280,emb. 750 ml (6 un),https://www.continente.pt/produto/gelado-cone-caramelo-cornetto-8083248.html,congelados,2024-11-13,Continente
Gelado Feast,7141071,4.99,"€13,86/lt",Olá,Congelados/Gelados/Gelados Infantis,https://www.continente.pt/dw/image/v2/BDVS_PRD/on/demandware.static/-/Sites-col-master-catalog/default/dw87c325d6/images/col/714/7141071-hero.jpg?sw=280&sh=280,emb. 360 ml (4 un),https://www.continente.pt/produto/gelado-feast-ola-7141071.html,congelados,2024-11-13,Continente
Batata Chef Gourmet,7171546,3.69,"€7,38/kg",McCain,Congelados/Batata Frita e Puré,https://www.continente.pt/dw/image/v2/BDVS_PRD/on/demandware.static/-/Sites-col-master-catalog/default/dw4389a18b/images/col/717/7171546-frente.png?sw=280&sh=280,emb. 500 gr,https://www.continente.pt/produto/batata-chef-gourmet-mccain-7171546.html,congelados,2024-11-13,Continente
Hambúrguer Vegan Sabor a Frango,7526167,4.19,"€26,19/kg",The Vegetarian Butcher,Congelados/Hambúrgueres e Almôndegas,https://www.continente.pt/dw/image/v2/BDVS_PRD/on/demandware.static/-/Sites-col-master-catalog/default/dwc18cbbc1/images/col/752/7526167-hero.jpg?sw=280&sh=280,emb. 160 gr,https://www.continente.pt/produto/hamburguer-vegan-sabor-a-frango-the-vegetarian-butcher-7526167.html,congelados,2024-11-13,Continente
Bacalhau à Brás,5201596,2.49,"€8,30/kg",Continente,Congelados/Refeições Prontas,https://www.continente.pt/dw/image/v2/BDVS_PRD/on/demandware.static/-/Sites-col-master-catalog/default/dwd9579c8c/images/col/520/5201596-hero.jpg?sw=280&sh=280,emb. 300 gr,https://www.continente.pt/produto/bacalhau-a-bras-continente-5201596.html,congelados,2024-11-13,Continente
Gelado Chocolate com Café e Pepitas Chocolate Vegan sem Glúten,7759360,6.99,"€14,56/lt",Pink Albatross,Congelados/Gelados/Gelados Americanos,https://www.continente.pt/dw/image/v2/BDVS_PRD/on/demandware.static/-/Sites-col-master-catalog/default/dw1c8b619b/images/col/775/7759360-frente.jpg?sw=280&sh=280,emb. 480 ml,https://www.continente.pt/produto/gelado-chocolate-com-cafe-e-pepitas-chocolate-vegan-sem-gluten-pink-albatross-7759360.html,congelados,2024-11-13,Continente
Pizza Capricciosa,6583845,3.69,"€9,23/kg",Continente Seleção,Congelados/Pizzas,https://www.continente.pt/dw/image/v2/BDVS_PRD/on/demandware.static/-/Sites-col-master-catalog/default/dwba30ed56/images/col/658/6583845-hero.jpg?sw=280&sh=280,emb. 400 gr,https://www.continente.pt/produto/pizza-capricciosa-continente-selecao-6583845.html,congelados,2024-11-13,Continente
Douradinhos de Peixe sem Glúten,7475461,7.14,"€19,83/kg",Capitão Iglo,Congelados/Douradinhos e Filetes,https://www.continente.pt/dw/image/v2/BDVS_PRD/on/demandware.static/-/Sites-col-master-catalog/default/dw4daefd3d/images/col/747/7475461-direito.jpg?sw=280&sh=280,emb. 360 gr (12 un),https://www.continente.pt/produto/douradinhos-de-peixe-sem-gluten-capitao-iglo-7475461.html,congelados,2024-11-13,Continente
"Gelado Magnífico Chocolate Branco, Arroz Tufado e Morango",7408344,2.79,"€3,88/lt",Continente,Congelados/Gelados/Gelados de Pauzinho,https://www.continente.pt/dw/image/v2/BDVS_PRD/on/demandware.static/-/Sites-col-master-catalog/default/dw59c1b978/images/col/740/7408344-frente.jpg?sw=280&sh=280,emb. 720 ml (6 un),https://www.continente.pt/produto/gelado-magnifico-chocolate-branco-arroz-tufado-e-morango-continente-7408344.html,congelados,2024-11-13,Continente
Pizza Spinaci e Ricotta,7541597,5.89,"€14,19/kg",Tradizionale,Congelados/Pizzas,https://www.continente.pt/dw/image/v2/BDVS_PRD/on/demandware.static/-/Sites-col-master-catalog/default/dw41b41035/images/col/754/7541597-direito.jpg?sw=280&sh=280,emb. 415 gr,https://www.continente.pt/produto/pizza-spinaci-e-ricotta-tradizionale-7541597.html,congelados,2024-11-13,Continente
Posta de Maruca Ultracongelada,4897282,6.29,"€10,48/kg",Continente,"Frescos/Peixaria/Filetes, Lombos e Postas/Congelado",https://www.continente.pt/dw/image/v2/BDVS_PRD/on/demandware.static/-/Sites-col-master-catalog/default/dw02addf2c/images/col/489/4897282-frente.jpg?sw=280&sh=280,emb. 600 gr,https://www.continente.pt/produto/posta-de-maruca-ultracongelada-continente-4897282.html,congelados,2024-11-13,Continente
Pizza Ristorante de Frango,3796750,3.69,"€10,39/kg",Ristorante,Congelados/Pizzas,https://www.continente.pt/dw/image/v2/BDVS_PRD/on/demandware.static/-/Sites-col-master-catalog/default/dw7d772edb/images/col/379/3796750-direito.png?sw=280&sh=280,emb. 375 gr,https://www.continente.pt/produto/pizza-ristorante-de-frango-ristorante-3796750.html,congelados,2024-11-13,Continente
Posta de Corvina Higienizada Congelada,5773171,12.99,"€3,25/un",,"Frescos/Peixaria/Filetes, Lombos e Postas/Congelado",https://www.continente.pt/dw/image/v2/BDVS_PRD/on/demandware.static/-/Sites-col-master-catalog/default/dweb7e4999/images/col/577/5773171-cima.jpg?sw=280&sh=280,emb. 250 gr,https://www.continente.pt/produto/posta-de-corvina-higienizada-congelada-5773171.html,congelados,2024-11-13,Continente
Gelado Cone Chocolate Branco Filipinos,7754882,5.99,"€11,98/lt",Cornetto,Congelados/Gelados/Gelados de Cone,https://www.continente.pt/dw/image/v2/BDVS_PRD/on/demandware.static/-/Sites-col-master-catalog/default/dw28b99d69/images/col/775/7754882-hero.jpg?sw=280&sh=280,emb. 360 ml (4 un),https://www.continente.pt/produto/gelado-cone-chocolate-branco-filipinos-cornetto-7754882.html,congelados,2024-11-13,Continente
"Gelado Café, Chocolate Branco e Caramelo",7411087,2.79,"€2,94/lt",Continente,Congelados/Gelados/Gelados Familiares,https://www.continente.pt/dw/image/v2/BDVS_PRD/on/demandware.static/-/Sites-col-master-catalog/default/dw204f6f08/images/col/741/7411087-frente.jpg?sw=280&sh=280,emb. 950 ml,https://www.continente.pt/produto/gelado-cafe-chocolate-branco-e-caramelo-continente-7411087.html,congelados,2024-11-13,Continente
Nuggets de Frango com Cereais Integrais,6068943,2.99,"€14,38/kg",Capitão Iglo,Congelados/Nuggets e Crocantes,https://www.continente.pt/dw/image/v2/BDVS_PRD/on/demandware.static/-/Sites-col-master-catalog/default/dwe7ec961a/images/col/606/6068943-direito.jpg?sw=280&sh=280,emb. 208 gr (10 un),https://www.continente.pt/produto/nuggets-de-frango-com-cereais-integrais-capitao-iglo-6068943.html,congelados,2024-11-13,Continente
Gelado Chocolate e Avelã,7411520,2.79,"€2,94/lt",Continente,Congelados/Gelados/Gelados Familiares,https://www.continente.pt/dw/image/v2/BDVS_PRD/on/demandware.static/-/Sites-col-master-catalog/default/dwf8f42784/images/col/741/7411520-frente.jpg?sw=280&sh=280,emb. 950 ml,https://www.continente.pt/produto/gelado-chocolate-e-avela-continente-7411520.html,congelados,2024-11-13,Continente
Riced Veggies Tricolor,6772819,2.18,"€4,36/kg",Continente,Congelados/Frutas e Legumes/Misturas de Legumes,https://www.continente.pt/dw/image/v2/BDVS_PRD/on/demandware.static/-/Sites-col-master-catalog/default/dwc09d54c8/images/col/677/6772819-hero.jpg?sw=280&sh=280,emb. 500 gr,https://www.continente.pt/produto/riced-veggies-tricolor-continente-6772819.html,congelados,2024-11-13,Continente
Postas do Lombo de Bacalhau 4 Meses de Cura MSC Ultracongelado,8113530,15.69,"€20,92/kg",Riberalves,Frescos/Peixaria/Bacalhau/Congelado,https://www.continente.pt/dw/image/v2/BDVS_PRD/on/demandware.static/-/Sites-col-master-catalog/default/dwf55db265/images/col/811/8113530-frente.png?sw=280&sh=280,emb. 750 gr,https://www.continente.pt/produto/postas-do-lombo-de-bacalhau-4-meses-de-cura-msc-ultracongelado-riberalves-8113530.html,congelados,2024-11-13,Continente
Gelado Buzz Lightyear Popping Rocket,7974308,4.99,"€15,12/lt",Olá,Congelados/Gelados/Gelados Infantis,https://www.continente.pt/dw/image/v2/BDVS_PRD/on/demandware.static/-/Sites-col-master-catalog/default/dwfa96e0a9/images/col/797/7974308-frente.png?sw=280&sh=280,emb. 330 ml (5 un),https://www.continente.pt/produto/gelado-buzz-lightyear-popping-rocket-ola-7974308.html,congelados,2024-11-13,Continente
Gelado Chocolate Clássico,7975652,3.69,"€8,39/lt",Magnum,Congelados/Gelados/Gelados Americanos,https://www.continente.pt/dw/image/v2/BDVS_PRD/on/demandware.static/-/Sites-col-master-catalog/default/dw84798504/images/col/797/7975652-frente.png?sw=280&sh=280,emb. 440 ml,https://www.continente.pt/produto/gelado-chocolate-classico-magnum-7975652.html,congelados,2024-11-13,Continente
Panadinhos de Frango,4858024,3.99,"€19,95/kg",Capitão Iglo,Congelados/Nuggets e Crocantes,https://www.continente.pt/dw/image/v2/BDVS_PRD/on/demandware.static/-/Sites-col-master-catalog/default/dw8fcf6594/images/col/485/4858024-frente.jpg?sw=280&sh=280,emb. 200 gr (4 un),https://www.continente.pt/produto/panadinhos-de-frango-capitao-iglo-4858024.html,congelados,2024-11-13,Continente
Gelado Chocolate Branco e Morango,7975650,3.29,"€8,22/lt",Magnum,Congelados/Gelados/Gelados de Pauzinho,https://www.continente.pt/dw/image/v2/BDVS_PRD/on/demandware.static/-/Sites-col-master-catalog/default/dw12f867c2/images/col/797/7975650-frente.png?sw=280&sh=280,emb. 400 ml (4 un),https://www.continente.pt/produto/gelado-chocolate-branco-e-morango-magnum-7975650.html,congelados,2024-11-13,Continente
Gelado Cone Soft Morango,7521868,5.99,"€10,70/lt",Cornetto,Congelados/Gelados/Gelados de Cone,https://www.continente.pt/dw/image/v2/BDVS_PRD/on/demandware.static/-/Sites-col-master-catalog/default/dw5e18ca90/images/col/752/7521868-hero.jpg?sw=280&sh=280,emb. 560 ml (4 un),https://www.continente.pt/produto/gelado-cone-soft-morango-cornetto-7521868.html,congelados,2024-11-13,Continente
Douradinhos de Frango,7613828,10.99,"€10,22/kg",Capitão Iglo,Congelados/Douradinhos e Filetes,https://www.continente.pt/dw/image/v2/BDVS_PRD/on/demandware.static/-/Sites-col-master-catalog/default/dw1f111fe3/images/col/761/7613828-frente.jpg?sw=280&sh=280,"emb. 1,075 gr (38 un)",https://www.continente.pt/produto/douradinhos-de-frango-capitao-iglo-7613828.html,congelados,2024-11-13,Continente
"Gelado Mini Chocolate Clássico, Amêndoa e Chocolate Branco",8007004,5.49,"€16,64/lt",Magnum,Congelados/Gelados/Gelados de Pauzinho,https://www.continente.pt/dw/image/v2/BDVS_PRD/on/demandware.static/-/Sites-col-master-catalog/default/dwcc4cea7e/images/col/800/8007004-frente.png?sw=280&sh=280,emb. 330 ml (6 un),https://www.continente.pt/produto/gelado-mini-chocolate-classico-amendoa-e-chocolate-branco-magnum-8007004.html,congelados,2024-11-13,Continente
Hambúrguer de Porco,7723940,3.99,"€6,65/kg",Continente,Congelados/Hambúrgueres e Almôndegas,https://www.continente.pt/dw/image/v2/BDVS_PRD/on/demandware.static/-/Sites-col-master-catalog/default/dwef126b8e/images/col/772/7723940-frente.jpg?sw=280&sh=280,emb. 600 gr (10 un),https://www.continente.pt/produto/hamburguer-de-porco-continente-7723940.html,congelados,2024-11-13,Continente
Pizza Massa Fina Gran Pepperoni,7292595,7.89,"€15,06/kg",Iglo Take Away,Congelados/Pizzas,https://www.continente.pt/dw/image/v2/BDVS_PRD/on/demandware.static/-/Sites-col-master-catalog/default/dwe70de3e5/images/col/729/7292595-frente.jpg?sw=280&sh=280,emb. 524 gr,https://www.continente.pt/produto/pizza-massa-fina-gran-pepperoni-iglo-take-away-7292595.html,congelados,2024-11-13,Continente
Nuggets Vegan de Proteína Vegetal,7619444,5.49,"€18,30/kg",Garden Gourmet,Congelados/Vegetariano e Vegan/Nuggets e Panados,https://www.continente.pt/dw/image/v2/BDVS_PRD/on/demandware.static/-/Sites-col-master-catalog/default/dwd185e870/images/col/761/7619444-frente.jpg?sw=280&sh=280,emb. 300 gr,https://www.continente.pt/produto/nuggets-vegan-de-proteina-vegetal-garden-gourmet-7619444.html,congelados,2024-11-13,Continente
Lombos de Bacalhau MSC Demolhado Ultracongelado,7291127,32.99,"€27,49/kg",Continente Seleção,Frescos/Peixaria/Bacalhau/Congelado,https://www.continente.pt/dw/image/v2/BDVS_PRD/on/demandware.static/-/Sites-col-master-catalog/default/dw751c016e/images/col/729/7291127-frente.jpg?sw=280&sh=280,"emb. 1,20 kg",https://www.continente.pt/produto/lombos-de-bacalhau-msc-demolhado-ultracongelado-continente-selecao-7291127.html,congelados,2024-11-13,Continente
Miolo de Amêijoa Dourada Ultracongelada,7146449,2.29,"€9,16/kg",Continente,Frescos/Peixaria/Marisco/Congelado,https://www.continente.pt/dw/image/v2/BDVS_PRD/on/demandware.static/-/Sites-col-master-catalog/default/dw89f2fde4/images/col/714/7146449-cima.jpg?sw=280&sh=280,emb. 250 gr,https://www.continente.pt/produto/miolo-de-ameijoa-dourada-ultracongelada-continente-7146449.html,congelados,2024-11-13,Continente
Tarte Gelada Caramelo Salgado,7756158,2.59,"€3,98/lt",Viennetta,Congelados/Gelados/Tartes Geladas e Viennettas,https://www.continente.pt/dw/image/v2/BDVS_PRD/on/demandware.static/-/Sites-col-master-catalog/default/dw4a49ca54/images/col/775/7756158-frente.jpg?sw=280&sh=280,emb. 650 ml,https://www.continente.pt/produto/tarte-gelada-caramelo-salgado-viennetta-7756158.html,congelados,2024-11-13,Continente
Gelado Chocolate,7987798,3.99,"€18,14/lt",Kinder,Congelados/Gelados/Gelados Infantis,https://www.continente.pt/dw/image/v2/BDVS_PRD/on/demandware.static/-/Sites-col-master-catalog/default/dw374f4acb/images/col/798/7987798-frente.jpg?sw=280&sh=280,emb. 220 ml (4 un),https://www.continente.pt/produto/gelado-chocolate-kinder-7987798.html,congelados,2024-11-13,Continente
Filetes de Tamboril Ultracongelado,7324619,7.99,"€31,96/kg",Continente,"Frescos/Peixaria/Filetes, Lombos e Postas/Congelado",https://www.continente.pt/dw/image/v2/BDVS_PRD/on/demandware.static/-/Sites-col-master-catalog/default/dw4d7d00b6/images/col/732/7324619-frente.jpg?sw=280&sh=280,emb. 250 gr,https://www.continente.pt/produto/filetes-de-tamboril-ultracongelado-continente-7324619.html,congelados,2024-11-13,Continente
Gelado Classicone Manteiga de Amendoim,7760701,2.49,"€0,42/un",Continente,Congelados/Gelados/Gelados de Cone,https://www.continente.pt/dw/image/v2/BDVS_PRD/on/demandware.static/-/Sites-col-master-catalog/default/dw0187147d/images/col/776/7760701-frente.jpg?sw=280&sh=280,emb. 660 ml (6 un),https://www.continente.pt/produto/gelado-classicone-manteiga-de-amendoim-continente-7760701.html,congelados,2024-11-13,Continente
Pizza Ristorante Carbonara,5424943,3.69,"€10,85/kg",Ristorante,Congelados/Pizzas,https://www.continente.pt/dw/image/v2/BDVS_PRD/on/demandware.static/-/Sites-col-master-catalog/default/dw6d1412e0/images/col/542/5424943-direito.png?sw=280&sh=280,emb. 340 gr,https://www.continente.pt/produto/pizza-ristorante-carbonara-ristorante-5424943.html,congelados,2024-11-13,Continente
Preparado para Mariscada Ultracongelado,7346636,4.99,"€7,13/kg",Continente,Frescos/Peixaria/Marisco/Congelado,https://www.continente.pt/dw/image/v2/BDVS_PRD/on/demandware.static/-/Sites-col-master-catalog/default/dw604b7347/images/col/734/7346636-frente.jpg?sw=280&sh=280,emb. 700 gr,https://www.continente.pt/produto/preparado-para-mariscada-ultracongelado-continente-7346636.html,congelados,2024-11-13,Continente
Posta de Peixe Espada Preto Congelado,8108508,7.19,"€10,27/kg",,Frescos/Peixaria/Peixe Congelado,https://www.continente.pt/dw/image/v2/BDVS_PRD/on/demandware.static/-/Sites-col-master-catalog/default/dw5e7e0714/images/col/810/8108508-topshot-emb.jpg?sw=280&sh=280,emb. 700 gr,https://www.continente.pt/produto/posta-de-peixe-espada-preto-congelado-8108508.html,congelados,2024-11-13,Continente
Medalhões de Pescada do Cabo Ultracongelada,7630225,12.59,"€11,45/kg",Iglo,"Frescos/Peixaria/Filetes, Lombos e Postas/Congelado",https://www.continente.pt/dw/image/v2/BDVS_PRD/on/demandware.static/-/Sites-col-master-catalog/default/dwb5ed5aba/images/col/763/7630225-frente.jpg?sw=280&sh=280,"10 un x 110 gr (1,1 kg)",https://www.continente.pt/produto/medalhoes-de-pescada-do-cabo-ultracongelada-iglo-7630225.html,congelados,2024-11-13,Continente
Gelado Mochi Maracujá e Manga Vegan,7893268,5.99,"€31,20/kg",Little Moons,Congelados/Gelados/Mini Bites e Sandwich,https://www.continente.pt/dw/image/v2/BDVS_PRD/on/demandware.static/-/Sites-col-master-catalog/default/dwf6e50872/images/col/789/7893268-frente.jpg?sw=280&sh=280,emb. 6 un,https://www.continente.pt/produto/gelado-mochi-maracuja-e-manga-vegan-little-moons-7893268.html,congelados,2024-11-13,Continente
Pato Inteiro Congelado,5443474,4.49,"€10,33/un",Quinta da Marinha,Frescos/Talho/Pato e Coelho,https://www.continente.pt/dw/image/v2/BDVS_PRD/on/demandware.static/-/Sites-col-master-catalog/default/dwc4fed83d/images/col/544/5443474-frente.jpg?sw=280&sh=280,"emb. 2,3 kg (aprox.)",https://www.continente.pt/produto/pato-inteiro-congelado-quinta-da-marinha-5443474.html,congelados,2024-11-13,Continente
Empanadilhas Carne,8009598,7.19,"€23,04/kg",Iglo,"Congelados/Salgados, Folhados e Pastelaria/Salgados",https://www.continente.pt/dw/image/v2/BDVS_PRD/on/demandware.static/-/Sites-col-master-catalog/default/dw73e2c7f7/images/col/800/8009598-direito.jpg?sw=280&sh=280,emb. 312 gr (10 un),https://www.continente.pt/produto/empanadilhas-carne-iglo-8009598.html,congelados,2024-11-13,Continente
Folhado de Salsicha,7131130,3.59,"€7,48/kg",Continente,"Congelados/Salgados, Folhados e Pastelaria/Folhados",https://www.continente.pt/dw/image/v2/BDVS_PRD/on/demandware.static/-/Sites-col-master-catalog/default/dwaa32c4c5/images/col/713/7131130-hero.jpg?sw=280&sh=280,emb. 480 gr (8 un),https://www.continente.pt/produto/folhado-de-salsicha-continente-7131130.html,congelados,2024-11-13,Continente
Gelado Caramelo Chew Chew,7105465,6.79,"€14,60/lt",Ben & Jerrys,Congelados/Gelados/Gelados Americanos,https://www.continente.pt/dw/image/v2/BDVS_PRD/on/demandware.static/-/Sites-col-master-catalog/default/dw94c07965/images/col/710/7105465-hero.jpg?sw=280&sh=280,emb. 465 ml,https://www.continente.pt/produto/gelado-caramelo-chew-chew-ben-jerrys-7105465.html,congelados,2024-11-13,Continente
Empanadilha Cogumelos,5948645,4.39,"€13,30/kg",Veggis,"Congelados/Vegetariano e Vegan/Refeições, Pizzas e Falafel",https://www.continente.pt/dw/image/v2/BDVS_PRD/on/demandware.static/-/Sites-col-master-catalog/default/dw114b3dea/images/col/594/5948645-frente.jpg?sw=280&sh=280,emb. 330 gr (2 un),https://www.continente.pt/produto/empanadilha-cogumelos-veggis-5948645.html,congelados,2024-11-13,Continente
Filetes Frango com Batata Doce,7795031,7.99,"€23,50/kg",Prozis,Congelados/Refeições Prontas,https://www.continente.pt/dw/image/v2/BDVS_PRD/on/demandware.static/-/Sites-col-master-catalog/default/dwb974bcb2/images/col/779/7795031-frente.jpg?sw=280&sh=280,emb. 340 gr,https://www.continente.pt/produto/filetes-frango-com-batata-doce-prozis-7795031.html,congelados,2024-11-13,Continente
Gelado Banana Split,7411089,2.79,"€2,94/lt",Continente,Congelados/Gelados/Gelados Familiares,https://www.continente.pt/dw/image/v2/BDVS_PRD/on/demandware.static/-/Sites-col-master-catalog/default/dw4ae058e8/images/col/741/7411089-hero.jpg?sw=280&sh=280,emb. 950 ml,https://www.continente.pt/produto/gelado-banana-split-continente-7411089.html,congelados,2024-11-13,Continente
Gelados Coco Metades sem Glúten,8020303,2.69,"€1,35/un",Continente,Congelados/Gelados/Mini Bites e Sandwich,https://www.continente.pt/dw/image/v2/BDVS_PRD/on/demandware.static/-/Sites-col-master-catalog/default/dwdb3b2a06/images/col/802/8020303-frente.png?sw=280&sh=280,emb. 2 un,https://www.continente.pt/produto/gelados-coco-metades-sem-gluten-continente-8020303.html,congelados,2024-11-13,Continente
Mini Hambúrgueres de Vegetais,7808386,4.99,"€10,99/kg",Iglo Green Cuisine,Congelados/Hambúrgueres e Almôndegas,https://www.continente.pt/dw/image/v2/BDVS_PRD/on/demandware.static/-/Sites-col-master-catalog/default/dwac4a58cf/images/col/780/7808386-cima-direito.jpg?sw=280&sh=280,emb. 454 gr (4 un),https://www.continente.pt/produto/mini-hamburgueres-de-vegetais-iglo-green-cuisine-7808386.html,congelados,2024-11-13,Continente
Espetada de Salmão e Camarão Ultracongelada,7798277,10.49,"€20,98/kg",Reymar,Frescos/Peixaria/Marisco/Congelado,https://www.continente.pt/dw/image/v2/BDVS_PRD/on/demandware.static/-/Sites-col-master-catalog/default/dwc9792ae4/images/col/779/7798277-cima.jpg?sw=280&sh=280,4 un x 125 gr (500 gr),https://www.continente.pt/produto/espetada-de-salmao-e-camarao-ultracongelada-reymar-7798277.html,congelados,2024-11-13,Continente
Maxi Hambúrguer Vegetariano,7450715,4.49,"€19,78/kg",Linda McCartneys,Congelados/Hambúrgueres e Almôndegas,https://www.continente.pt/dw/image/v2/BDVS_PRD/on/demandware.static/-/Sites-col-master-catalog/default/dw7bde22d4/images/col/745/7450715-esquerdo.jpg?sw=280&sh=280,emb. 227 gr (2 un),https://www.continente.pt/produto/maxi-hamburguer-vegetariano-linda-mccartneys-7450715.html,congelados,2024-11-13,Continente
Posta de Pescada para Cozer Congelada,7628097,3.99,"€7,98/kg",,"Frescos/Peixaria/Filetes, Lombos e Postas/Congelado",https://www.continente.pt/dw/image/v2/BDVS_PRD/on/demandware.static/-/Sites-col-master-catalog/default/dw5b6538c3/images/col/762/7628097-frente.jpg?sw=280&sh=280,emb. 500 gr,https://www.continente.pt/produto/posta-de-pescada-para-cozer-congelada-7628097.html,congelados,2024-11-13,Continente
Gelado Bolacha e Chocolate,8083218,3.19,"€3,54/lt",Olá,Congelados/Gelados/Gelados Familiares,https://www.continente.pt/dw/image/v2/BDVS_PRD/on/demandware.static/-/Sites-col-master-catalog/default/dwa552138d/images/col/808/8083218-frente.png?sw=280&sh=280,emb. 900 ml,https://www.continente.pt/produto/gelado-bolacha-e-chocolate-ola-8083218.html,congelados,2024-11-13,Continente
Petit Gâteau de Doce de Leite,7719908,3.29,"€10,28/kg",Continente,Congelados/Sobremesas/Crepes e Petit Gâteau,https://www.continente.pt/dw/image/v2/BDVS_PRD/on/demandware.static/-/Sites-col-master-catalog/default/dwaac49a84/images/col/771/7719908-frente.jpg?sw=280&sh=280,emb. 320 gr (4 un),https://www.continente.pt/produto/petit-gateau-de-doce-de-leite-continente-7719908.html,congelados,2024-11-13,Continente
Rissóis de Carne,7156600,1.79,"€4,26/kg",Continente,"Congelados/Salgados, Folhados e Pastelaria/Salgados",https://www.continente.pt/dw/image/v2/BDVS_PRD/on/demandware.static/-/Sites-col-master-catalog/default/dw83b74453/images/col/715/7156600-hero.jpg?sw=280&sh=280,emb. 420 gr (10 un),https://www.continente.pt/produto/rissois-de-carne-continente-7156600.html,congelados,2024-11-13,Continente
Gelado Chocolate Branco,7754923,5.49,"€27,45/kg",Ferrero,Congelados/Gelados/Gelados de Pauzinho,https://www.continente.pt/dw/image/v2/BDVS_PRD/on/demandware.static/-/Sites-col-master-catalog/default/dw9f88b2b9/images/col/775/7754923-frente.jpg?sw=280&sh=280,emb. 200 gr (4 un),https://www.continente.pt/produto/gelado-chocolate-branco-ferrero-7754923.html,congelados,2024-11-13,Continente
Barrinhas de Pescada sem Glúten,7404775,3.19,"€10,63/kg",Pescanova,Congelados/Douradinhos e Filetes,https://www.continente.pt/dw/image/v2/BDVS_PRD/on/demandware.static/-/Sites-col-master-catalog/default/dwcc1c77ce/images/col/740/7404775-direito.jpg?sw=280&sh=280,emb. 300 gr (10 un),https://www.continente.pt/produto/barrinhas-de-pescada-sem-gluten-pescanova-7404775.html,congelados,2024-11-13,Continente
Pernas do Mar Panadas Pack Poupança,7888596,3.19,"€6,38/kg",Continente,"Congelados/Salgados, Folhados e Pastelaria/Salgados",https://www.continente.pt/dw/image/v2/BDVS_PRD/on/demandware.static/-/Sites-col-master-catalog/default/dw09ccff8d/images/col/788/7888596-frente.jpg?sw=280&sh=280,emb. 500 gr,https://www.continente.pt/produto/pernas-do-mar-panadas-pack-poupanca-continente-7888596.html,congelados,2024-11-13,Continente
Redondos de Pescada da Argentina Ultracongelados,7822657,3.89,"€7,78/kg",,"Frescos/Peixaria/Filetes, Lombos e Postas/Congelado",https://www.continente.pt/dw/image/v2/BDVS_PRD/on/demandware.static/-/Sites-col-master-catalog/default/dwbbbf248a/images/col/782/7822657-cima.jpg?sw=280&sh=280,emb. 500 gr,https://www.continente.pt/produto/redondos-de-pescada-da-argentina-ultracongelados-7822657.html,congelados,2024-11-13,Continente
Gelado Doce de Leite,6787595,7.79,"€16,93/lt",Häagen-Dazs,Congelados/Gelados/Gelados Americanos,https://www.continente.pt/dw/image/v2/BDVS_PRD/on/demandware.static/-/Sites-col-master-catalog/default/dwf691c071/images/col/678/6787595-hero.jpg?sw=280&sh=280,emb. 460 ml,https://www.continente.pt/produto/gelado-doce-de-leite-haagen-dazs-6787595.html,congelados,2024-11-13,Continente
Gelado Double Caramelo,7757005,3.29,"€12,90/lt",Magnum,Congelados/Gelados/Gelados de Pauzinho,https://www.continente.pt/dw/image/v2/BDVS_PRD/on/demandware.static/-/Sites-col-master-catalog/default/dw09f54d46/images/col/775/7757005-hero.jpg?sw=280&sh=280,emb. 255 ml (3 un),https://www.continente.pt/produto/gelado-double-caramelo-magnum-7757005.html,congelados,2024-11-13,Continente
Thai Curry Frango com Arroz Basmati,8122132,4.99,"€12,48/kg",Iglo,Congelados/Refeições Prontas,https://www.continente.pt/dw/image/v2/BDVS_PRD/on/demandware.static/-/Sites-col-master-catalog/default/dw2f04e262/images/col/812/8122132-frente.png?sw=280&sh=280,emb. 400 gr,https://www.continente.pt/produto/thai-curry-frango-com-arroz-basmati-iglo-8122132.html,congelados,2024-11-13,Continente
Medalhões de Pescada do Cabo Ultracongelada,7647747,5.79,"€11,58/kg",Iglo,"Frescos/Peixaria/Filetes, Lombos e Postas/Congelado",https://www.continente.pt/dw/image/v2/BDVS_PRD/on/demandware.static/-/Sites-col-master-catalog/default/dw1c96766a/images/col/764/7647747-direito.jpg?sw=280&sh=280,emb. 500 gr,https://www.continente.pt/produto/medalhoes-de-pescada-do-cabo-ultracongelada-iglo-7647747.html,congelados,2024-11-13,Continente
Gelado Mini Magníficos Biscoito Speculoos,8020324,2.45,"€6,81/lt",Continente,Congelados/Gelados/Gelados de Pauzinho,https://www.continente.pt/dw/image/v2/BDVS_PRD/on/demandware.static/-/Sites-col-master-catalog/default/dwbe7d6a65/images/col/802/8020324-frente.jpg?sw=280&sh=280,emb. 6 un,https://www.continente.pt/produto/gelado-mini-magnificos-biscoito-speculoos-continente-8020324.html,congelados,2024-11-13,Continente
Almôndegas Powered By Plants,7363121,4.08,"€11,33/kg",Continente,Congelados/Hambúrgueres e Almôndegas,https://www.continente.pt/dw/image/v2/BDVS_PRD/on/demandware.static/-/Sites-col-master-catalog/default/dw3477e2e4/images/col/736/7363121-hero.jpg?sw=280&sh=280,emb. 360 gr,https://www.continente.pt/produto/almondegas-powered-by-plants-continente-7363121.html,congelados,2024-11-13,Continente
Riced Veggies de Couve-flor e Quinoa,6772659,2.19,"€4,38/kg",Continente,Congelados/Frutas e Legumes/Misturas de Legumes,https://www.continente.pt/dw/image/v2/BDVS_PRD/on/demandware.static/-/Sites-col-master-catalog/default/dw43ccb539/images/col/677/6772659-hero.jpg?sw=280&sh=280,emb. 500 gr,https://www.continente.pt/produto/riced-veggies-de-couve-flor-e-quinoa-continente-6772659.html,congelados,2024-11-13,Continente
Gelado Bombom Double Gold Caramelo Billionaire,8067126,5.99,"€29,36/lt",Magnum,Congelados/Gelados/Mini Bites e Sandwich,https://www.continente.pt/dw/image/v2/BDVS_PRD/on/demandware.static/-/Sites-col-master-catalog/default/dw668429fb/images/col/806/8067126-frente.png?sw=280&sh=280,emb. 204 ml (12 un),https://www.continente.pt/produto/gelado-bombom-double-gold-caramelo-billionaire-magnum-8067126.html,congelados,2024-11-13,Continente
Nachos Queijo Triângulos Pickers,8009596,2.85,"€12,39/kg",McCain,Congelados/Nuggets e Crocantes,https://www.continente.pt/dw/image/v2/BDVS_PRD/on/demandware.static/-/Sites-col-master-catalog/default/dwfcb88ea1/images/col/800/8009596-frente.png?sw=280&sh=280,emb. 230 gr (9 a 12 un),https://www.continente.pt/produto/nachos-queijo-triangulos-pickers-mccain-8009596.html,congelados,2024-11-13,Continente
Preparado para Arroz de Tamboril e Camarão Congelado,8104142,6.99,"€11,65/kg",Continente,Frescos/Peixaria/Peixe Congelado,https://www.continente.pt/dw/image/v2/BDVS_PRD/on/demandware.static/-/Sites-col-master-catalog/default/dw7509a91c/images/col/810/8104142-topshot.jpg?sw=280&sh=280,emb. 600 gr,https://www.continente.pt/produto/preparado-para-arroz-de-tamboril-e-camarao-congelado-continente-8104142.html,congelados,2024-11-13,Continente
Caldeirada de Lula com Amêijoa,8081091,6.99,"€9,99/kg",Frip,"Frescos/Peixaria/Polvo, Lulas e Chocos/Congelado",https://www.continente.pt/dw/image/v2/BDVS_PRD/on/demandware.static/-/Sites-col-master-catalog/default/dw5b38b11a/images/col/808/8081091-topshot.jpg?sw=280&sh=280,emb. 700 gr,https://www.continente.pt/produto/caldeirada-de-lula-com-ameijoa-frip-8081091.html,congelados,2024-11-13,Continente
Mini Cheesecake de Caramelo Salgado,6888943,2.99,"€14,95/kg",Continente Seleção,Congelados/Sobremesas/Bolos Congelados,https://www.continente.pt/dw/image/v2/BDVS_PRD/on/demandware.static/-/Sites-col-master-catalog/default/dw5c929487/images/col/688/6888943-frente.jpg?sw=280&sh=280,emb. 200 gr (2 un),https://www.continente.pt/produto/mini-cheesecake-de-caramelo-salgado-continente-selecao-6888943.html,congelados,2024-11-13,Continente
Gamba Rosa de Moçambique Ultracongelada,7465518,9.99,"€12,49/kg",Continente Seleção,Frescos/Peixaria/Marisco/Congelado,https://www.continente.pt/dw/image/v2/BDVS_PRD/on/demandware.static/-/Sites-col-master-catalog/default/dwda6e306a/images/col/746/7465518-frente.jpg?sw=280&sh=280,emb. 800 gr,https://www.continente.pt/produto/gamba-rosa-de-mocambique-ultracongelada-continente-selecao-7465518.html,congelados,2024-11-13,Continente
Gelado Ovos Moles,7725520,4.99,"€11,09/kg",Continente Seleção,Congelados/Gelados/Gelados Americanos,https://www.continente.pt/dw/image/v2/BDVS_PRD/on/demandware.static/-/Sites-col-master-catalog/default/dwd8b67f96/images/col/772/7725520-frente.jpg?sw=280&sh=280,emb. 450 ml,https://www.continente.pt/produto/gelado-ovos-moles-continente-selecao-7725520.html,congelados,2024-11-13,Continente
Unhas de Porco Congeladas,7484545,2.29,"€2,29/un",Continente,Frescos/Talho/Porco,https://www.continente.pt/dw/image/v2/BDVS_PRD/on/demandware.static/-/Sites-col-master-catalog/default/dwc49c21e0/images/col/748/7484545-frente.jpg?sw=280&sh=280,emb. 1 kg (aprox.),https://www.continente.pt/produto/unhas-de-porco-congeladas-continente-7484545.html,congelados,2024-11-13,Continente
Gelado Mix Kids,7730113,6.29,"€15,80/lt",Olá,Congelados/Gelados/Gelados Infantis,https://www.continente.pt/dw/image/v2/BDVS_PRD/on/demandware.static/-/Sites-col-master-catalog/default/dwdbcdeea2/images/col/773/7730113-hero.jpg?sw=280&sh=280,emb. 398 ml (8 un),https://www.continente.pt/produto/gelado-mix-kids-ola-7730113.html,congelados,2024-11-13,Continente
Pastéis de Legumes,6470679,4.39,"€15,68/kg",Veggis,"Congelados/Salgados, Folhados e Pastelaria/Salgados",https://www.continente.pt/dw/image/v2/BDVS_PRD/on/demandware.static/-/Sites-col-master-catalog/default/dwb99e1281/images/col/647/6470679-frente.jpg?sw=280&sh=280,emb. 280 gr,https://www.continente.pt/produto/pasteis-de-legumes-veggis-6470679.html,congelados,2024-11-13,Continente
Croissant com Creme de Ovo,7866782,22.28,"€14,84/kg",Panike,"Congelados/Salgados, Folhados e Pastelaria/Pastelaria Doce",https://www.continente.pt/dw/image/v2/BDVS_PRD/on/demandware.static/-/Sites-col-master-catalog/default/dw4bfd1ac3/images/col/786/7866782-frente-amb.png?sw=280&sh=280,emb. 23 un,https://www.continente.pt/produto/croissant-com-creme-de-ovo-panike-7866782.html,congelados,2024-11-13,Continente
,,0.0,"€26,95/kg",,,https://www.continente.pt/dw/image/v2/BDVS_PRD/on/demandware.static/-/Sites-col-master-catalog/default/dw783264ba/images/col/745/7450709-frente.jpg?sw=280&sh=280,emb. 200 gr (2 un),https://www.continente.pt/produto/chickn-panados-veggis-7450709.html,congelados,2024-11-13,Continente
Gelado Cookie Dough,7785008,3.29,"€6,58/lt",Oh My Moo,Congelados/Gelados/Gelados Americanos,https://www.continente.pt/dw/image/v2/BDVS_PRD/on/demandware.static/-/Sites-col-master-catalog/default/dwca188bfe/images/col/778/7785008-frente.jpg?sw=280&sh=280,emb. 500 ml,https://www.continente.pt/produto/gelado-cookie-dough-oh-my-moo-7785008.html,congelados,2024-11-13,Continente
"Gelado Chocolate, Avelã e Caramelo",7987797,5.29,"€29,39/lt",Ferrero,Congelados/Gelados/Gelados de Pauzinho,https://www.continente.pt/dw/image/v2/BDVS_PRD/on/demandware.static/-/Sites-col-master-catalog/default/dwe2feebe4/images/col/798/7987797-frente.jpg?sw=280&sh=280,emb. 180 ml (3 un),https://www.continente.pt/produto/gelado-chocolate-avela-e-caramelo-ferrero-7987797.html,congelados,2024-11-13,Continente
Porções de Atum-Albacora MSC Marinado Ultracongelado,7574671,5.99,"€23,96/kg",Kold Fin,Frescos/Peixaria/Peixe Congelado,https://www.continente.pt/dw/image/v2/BDVS_PRD/on/demandware.static/-/Sites-col-master-catalog/default/dw67131153/images/col/757/7574671-frente.jpg?sw=280&sh=280,emb.250 gr,https://www.continente.pt/produto/porcoes-de-atum-albacora-msc-marinado-ultracongelado-kold-fin-7574671.html,congelados,2024-11-13,Continente
Camarão Vannamei ASC 40/48 Ultracongelado,7374645,10.99,"€13,74/kg",Continente,Frescos/Peixaria/Marisco/Congelado,https://www.continente.pt/dw/image/v2/BDVS_PRD/on/demandware.static/-/Sites-col-master-catalog/default/dwd39d8a8b/images/col/737/7374645-topshot.jpg?sw=280&sh=280,emb. 800 gr,https://www.continente.pt/produto/camarao-vannamei-asc-40-48-ultracongelado-continente-7374645.html,congelados,2024-11-13,Continente
Pato Inteiro com Miúdos Congelado,6218899,4.49,"€11,23/un",Continente,Frescos/Talho/Pato e Coelho,https://www.continente.pt/dw/image/v2/BDVS_PRD/on/demandware.static/-/Sites-col-master-catalog/default/dw70742b93/images/col/621/6218899-frente.jpg?sw=280&sh=280,"emb. 2,5 kg (aprox.)",https://www.continente.pt/produto/pato-inteiro-com-miudos-congelado-continente-6218899.html,congelados,2024-11-13,Continente
,,0.0,"€17,54/lt",,,https://www.continente.pt/dw/image/v2/BDVS_PRD/on/demandware.static/-/Sites-col-master-catalog/default/dw71a59c6b/images/col/794/7947237-frente.jpg?sw=280&sh=280,emb. 427 ml,https://www.continente.pt/produto/gelado-marshmallow-smore-sundae-ben-jerrys-7947237.html,congelados,2024-11-13,Continente
Mini Cheesecake de Framboesa,6888962,2.99,"€14,95/kg",Continente Seleção,Congelados/Sobremesas/Bolos Congelados,https://www.continente.pt/dw/image/v2/BDVS_PRD/on/demandware.static/-/Sites-col-master-catalog/default/dw1c5a0671/images/col/688/6888962-frente.jpg?sw=280&sh=280,emb. 200 gr (2 un),https://www.continente.pt/produto/mini-cheesecake-de-framboesa-continente-selecao-6888962.html,congelados,2024-11-13,Continente
Gelado Sunny Honey Home,7834376,6.79,"€14,60/lt",Ben & Jerrys,Congelados/Gelados/Gelados Americanos,https://www.continente.pt/dw/image/v2/BDVS_PRD/on/demandware.static/-/Sites-col-master-catalog/default/dwfcb37b61/images/col/783/7834376-hero.jpg?sw=280&sh=280,emb. 465 ml,https://www.continente.pt/produto/gelado-sunny-honey-home-ben-jerrys-7834376.html,congelados,2024-11-13,Continente
Perna de Borrego Congelada,7483600,10.99,"€24,18/un",Continente,Frescos/Talho/Cabrito e Borrego,https://www.continente.pt/dw/image/v2/BDVS_PRD/on/demandware.static/-/Sites-col-master-catalog/default/dw1f81bfec/images/col/748/7483600-frente.jpg?sw=280&sh=280,"emb. 2,2 kg (aprox.)",https://www.continente.pt/produto/perna-de-borrego-congelada-continente-7483600.html,congelados,2024-11-13,Continente
Mexilhão Meia Concha da Nova Zelândia Ultracongelado,7515356,5.49,"€21,96/kg",Continente Seleção,Frescos/Peixaria/Marisco/Congelado,https://www.continente.pt/dw/image/v2/BDVS_PRD/on/demandware.static/-/Sites-col-master-catalog/default/dw1892ee9c/images/col/751/7515356-frente.jpg?sw=280&sh=280,emb. 250 gr,https://www.continente.pt/produto/mexilhao-meia-concha-da-nova-zelandia-ultracongelado-continente-selecao-7515356.html,congelados,2024-11-13,Continente
Gelado Mini Double Sunlover,7724755,6.99,"€21,18/lt",Magnum,Congelados/Gelados/Gelados de Pauzinho,https://www.continente.pt/dw/image/v2/BDVS_PRD/on/demandware.static/-/Sites-col-master-catalog/default/dw86cf2a65/images/col/772/7724755-hero.jpg?sw=280&sh=280,emb. 330 ml (6 un),https://www.continente.pt/produto/gelado-mini-double-sunlover-magnum-7724755.html,congelados,2024-11-13,Continente
Gelado Caramelo e Brownie Vegan,7800880,4.99,"€9,98/lt",Swee,Congelados/Gelados/Gelados Americanos,https://www.continente.pt/dw/image/v2/BDVS_PRD/on/demandware.static/-/Sites-col-master-catalog/default/dwa3fbc722/images/col/780/7800880-frente.png?sw=280&sh=280,emb. 500 ml,https://www.continente.pt/produto/gelado-caramelo-e-brownie-vegan-swee-7800880.html,congelados,2024-11-13,Continente
Cocktail de Bivalves Congelados,7544035,2.99,"€11,96/kg",Continente,Frescos/Peixaria/Marisco/Congelado,https://www.continente.pt/dw/image/v2/BDVS_PRD/on/demandware.static/-/Sites-col-master-catalog/default/dw0b28b5c2/images/col/754/7544035-frente.jpg?sw=280&sh=280,emb. 250 gr,https://www.continente.pt/produto/cocktail-de-bivalves-congelados-continente-7544035.html,congelados,2024-11-13,Continente
Gelado Cookie Vermont-Ster Sundae,7521724,7.49,"€17,54/lt",Ben & Jerrys,Congelados/Gelados/Gelados Americanos,https://www.continente.pt/dw/image/v2/BDVS_PRD/on/demandware.static/-/Sites-col-master-catalog/default/dwacb8dd9a/images/col/752/7521724-hero.jpg?sw=280&sh=280,emb. 427 ml,https://www.continente.pt/produto/gelado-cookie-vermont-ster-sundae-ben-jerrys-7521724.html,congelados,2024-11-13,Continente
Gelado Proteína Caramelo Salgado,8020413,3.29,"€6,58/lt",Continente,Congelados/Gelados/Gelados Americanos,https://www.continente.pt/dw/image/v2/BDVS_PRD/on/demandware.static/-/Sites-col-master-catalog/default/dw60455e43/images/col/802/8020413-frente.jpg?sw=280&sh=280,emb. 500 ml,https://www.continente.pt/produto/gelado-proteina-caramelo-salgado-continente-8020413.html,congelados,2024-11-13,Continente
Camarão de Madagáscar Selvagem Ultracongelado,7337338,5.49,"€13,73/kg",Continente,Frescos/Peixaria/Marisco/Congelado,https://www.continente.pt/dw/image/v2/BDVS_PRD/on/demandware.static/-/Sites-col-master-catalog/default/dw06d8a906/images/col/733/7337338-frente.jpg?sw=280&sh=280,emb. 400 gr,https://www.continente.pt/produto/camarao-de-madagascar-selvagem-ultracongelado-continente-7337338.html,congelados,2024-11-13,Continente
Bolinhas de Alheira e Chouriço,8020912,3.49,"€11,63/kg",Continente Seleção,"Congelados/Salgados, Folhados e Pastelaria/Salgados",https://www.continente.pt/dw/image/v2/BDVS_PRD/on/demandware.static/-/Sites-col-master-catalog/default/dw41179af5/images/col/802/8020912-frente.jpg?sw=280&sh=280,emb. 300 gr,https://www.continente.pt/produto/bolinhas-de-alheira-e-chourico-continente-selecao-8020912.html,congelados,2024-11-13,Continente
Gelado Chocolate e Brownie Vegan,7800882,4.99,"€9,98/lt",Swee,Congelados/Gelados/Gelados Americanos,https://www.continente.pt/dw/image/v2/BDVS_PRD/on/demandware.static/-/Sites-col-master-catalog/default/dw895b3c7d/images/col/780/7800882-frente.png?sw=280&sh=280,emb. 500 ml,https://www.continente.pt/produto/gelado-chocolate-e-brownie-vegan-swee-7800882.html,congelados,2024-11-13,Continente
,,0.0,"€14,60/lt",,,https://www.continente.pt/dw/image/v2/BDVS_PRD/on/demandware.static/-/Sites-col-master-catalog/default/dw4670068a/images/col/710/7105464-hero.jpg?sw=280&sh=280,emb. 465 ml,https://www.continente.pt/produto/gelado-netflix-chillld-ben-jerrys-7105464.html,congelados,2024-11-13,Continente
Gelado Nutella,7987774,6.69,"€14,23/lt",Nutella,Congelados/Gelados/Gelados Americanos,https://www.continente.pt/dw/image/v2/BDVS_PRD/on/demandware.static/-/Sites-col-master-catalog/default/dw7c14c9e7/images/col/798/7987774-frente.jpg?sw=280&sh=280,emb. 470 ml,https://www.continente.pt/produto/gelado-nutella-nutella-7987774.html,congelados,2024-11-13,Continente
Wrap Ovos Mexidos e Salsichas,7795059,4.49,"€28,06/kg",Prozis,Congelados/Refeições Prontas,https://www.continente.pt/dw/image/v2/BDVS_PRD/on/demandware.static/-/Sites-col-master-catalog/default/dwc4ea9885/images/col/779/7795059-frente.jpg?sw=280&sh=280,emb. 160 gr,https://www.continente.pt/produto/wrap-ovos-mexidos-e-salsichas-prozis-7795059.html,congelados,2024-11-13,Continente
Lombos de Bacalhau 9 Meses de Cura Congelado,8020932,19.99,"€33,32/kg",Caxamar,Frescos/Peixaria/Bacalhau/Congelado,https://www.continente.pt/dw/image/v2/BDVS_PRD/on/demandware.static/-/Sites-col-master-catalog/default/dw9a68c44b/images/col/802/8020932-direito.jpg?sw=280&sh=280,emb. 600 gr,https://www.continente.pt/produto/lombos-de-bacalhau-9-meses-de-cura-congelado-caxamar-8020932.html,congelados,2024-11-13,Continente
Gelado Macaron Double Chocolate,7753798,7.79,"€18,55/lt",Häagen-Dazs,Congelados/Gelados/Gelados Americanos,https://www.continente.pt/dw/image/v2/BDVS_PRD/on/demandware.static/-/Sites-col-master-catalog/default/dwb8219b18/images/col/775/7753798-frente.jpg?sw=280&sh=280,emb. 420 ml,https://www.continente.pt/produto/gelado-macaron-double-chocolate-haagen-dazs-7753798.html,congelados,2024-11-13,Continente
Bocas de Sapateira Cozida Congelada,7803470,12.99,"€25,98/kg",Errigal Bay,Frescos/Peixaria/Marisco/Congelado,https://www.continente.pt/dw/image/v2/BDVS_PRD/on/demandware.static/-/Sites-col-master-catalog/default/dwe049ee82/images/col/780/7803470-frente.jpg?sw=280&sh=280,emb. 500 gr,https://www.continente.pt/produto/bocas-de-sapateira-cozida-congelada-errigal-bay-7803470.html,congelados,2024-11-13,Continente
Posta de Pescada do Chile MSC Congelada,7797023,7.4,"€18,50/kg",Europacífico,"Frescos/Peixaria/Filetes, Lombos e Postas/Congelado",https://www.continente.pt/dw/image/v2/BDVS_PRD/on/demandware.static/-/Sites-col-master-catalog/default/dwe15b2acf/images/col/779/7797023-cima.jpg?sw=280&sh=280,emb. 400 gr,https://www.continente.pt/produto/posta-de-pescada-do-chile-msc-congelada-europacifico-7797023.html,congelados,2024-11-13,Continente
