product_id,product_name,product_price,product_image,product_url,product_rating,source,timestamp
iogurte-aroma-coco-pingo-doce-125-g,Iogurte Aroma Coco Pingo Doce 125 g,"0,20€ / UN",https://www.pingodoce.pt/wp-content/uploads/products/thumbnail/297027-d0e0375771897e6763647c19cb8854d1.jpg,https://www.pingodoce.pt/produtos/marca-propria-pingo-doce/pingo-doce/iogurte-aroma-coco-pingo-doce-125-g/,,pingo-doce,20241115_132750
iogurte-aroma-morango-pingo-doce-125-g,Iogurte Aroma Morango Pingo Doce 125 g,"0,20€ / UN",https://www.pingodoce.pt/wp-content/uploads/products/thumbnail/297178-50719cb2cfe62d59129c8073756adfc4.jpg,https://www.pingodoce.pt/produtos/marca-propria-pingo-doce/pingo-doce/iogurte-aroma-morango-pingo-doce-125-g/,,pingo-doce,20241115_132750
iogurte-aroma-banana-pingo-doce-125-g,Iogurte Aroma Banana Pingo Doce 125 g,"0,20€ / UN",https://www.pingodoce.pt/wp-content/uploads/products/thumbnail/297179-6f38f2ec696c3de563b9bf812cf2bc69.jpg,https://www.pingodoce.pt/produtos/marca-propria-pingo-doce/pingo-doce/iogurte-aroma-banana-pingo-doce-125-g/,,pingo-doce,20241115_132750
iogurte-magro-morango-pingo-doce-125-g,Iogurte Magro Morango Pingo Doce 125 g,"0,20€ / UN",https://www.pingodoce.pt/wp-content/uploads/products/thumbnail/956786-4890fa45ecc248c3ce253eb9bc19fe59.jpg,https://www.pingodoce.pt/produtos/marca-propria-pingo-doce/pingo-doce/iogurte-magro-morango-pingo-doce-125-g/,,pingo-doce,20241115_132750
iogurte-magro-natural-pingo-doce-125-g,Iogurte Magro Natural Pingo Doce 125 g,"0,20€ / UN",https://www.pingodoce.pt/wp-content/uploads/products/thumbnail/431961-f54578467f62990e702c2230cb3ad5bd.jpg,https://www.pingodoce.pt/produtos/marca-propria-pingo-doce/pingo-doce/iogurte-magro-natural-pingo-doce-125-g/,,pingo-doce,20241115_132750
iogurte-aroma-tropical-pingo-doce-125-g,Iogurte Aroma Tropical Pingo Doce 125 g,"0,20€ / UN",https://www.pingodoce.pt/wp-content/uploads/products/thumbnail/871239-046b0b4c2219f361f92e788a7439f691.jpg,https://www.pingodoce.pt/produtos/marca-propria-pingo-doce/pingo-doce/iogurte-aroma-tropical-pingo-doce-125-g/,,pingo-doce,20241115_132750
iogurte-magro-aroma-coco-pingo-doce-125-g,Iogurte Magro Aroma Coco Pingo Doce 125 g,"0,20€ / UN",https://www.pingodoce.pt/wp-content/uploads/products/thumbnail/956075-89b16d614462596f95175650301d07c5.jpg,https://www.pingodoce.pt/produtos/marca-propria-pingo-doce/pingo-doce/iogurte-magro-aroma-coco-pingo-doce-125-g/,,pingo-doce,20241115_132750
iogurte-pedacos-de-morango-pingo-doce-125-g,Iogurte Pedaços de Morango Pingo Doce 125 g,"0,28€ / UN",https://www.pingodoce.pt/wp-content/uploads/products/thumbnail/297180-3a1feb6ff8b3316b53a90faa3a351ea3.jpg,https://www.pingodoce.pt/produtos/marca-propria-pingo-doce/pingo-doce/iogurte-pedacos-de-morango-pingo-doce-125-g/,,pingo-doce,20241115_132750
iogurte-pedacos-de-frutos-silvestres-pingo-doce-125-g,Iogurte Pedaços de Frutos Silvestres Pingo Doce 125 g,"0,28€ / UN",https://www.pingodoce.pt/wp-content/uploads/products/thumbnail/297181-65f403598c1e1736b3c6b5c2dac43068.jpg,https://www.pingodoce.pt/produtos/marca-propria-pingo-doce/pingo-doce/iogurte-pedacos-de-frutos-silvestres-pingo-doce-125-g/,,pingo-doce,20241115_132750
iogurte-pedacos-de-pessego-pingo-doce-125-g,Iogurte Pedaços de Pêssego Pingo Doce 125 g,"0,28€ / UN",https://www.pingodoce.pt/wp-content/uploads/products/thumbnail/297182-1d2473c0692e67e467d527a12e341fd8.jpg,https://www.pingodoce.pt/produtos/marca-propria-pingo-doce/pingo-doce/iogurte-pedacos-de-pessego-pingo-doce-125-g/,,pingo-doce,20241115_132750
iogurte-pedacos-de-ananas-pingo-doce-125-g,Iogurte Pedaços de Ananás Pingo Doce 125 g,"0,28€ / UN",https://www.pingodoce.pt/wp-content/uploads/products/thumbnail/297183-132c3fe00c899d110708008b595aa141.jpg,https://www.pingodoce.pt/produtos/marca-propria-pingo-doce/pingo-doce/iogurte-pedacos-de-ananas-pingo-doce-125-g/,,pingo-doce,20241115_132750
iogurte-pedacos-de-cereais-pingo-doce-125-g,Iogurte Pedaços de Cereais Pingo Doce 125 g,"0,28€ / UN",https://www.pingodoce.pt/wp-content/uploads/products/thumbnail/441633-aed441c876c6d8462415647aa45ac97a.jpg,https://www.pingodoce.pt/produtos/marca-propria-pingo-doce/pingo-doce/iogurte-pedacos-de-cereais-pingo-doce-125-g/,,pingo-doce,20241115_132750
iogurte-de-morango-sem-lactose-pingo-doce-120-g,Iogurte de Morango sem Lactose Pingo Doce 120 g,"0,28€ / UN",https://www.pingodoce.pt/wp-content/uploads/products/thumbnail/802046001-1ef4e06fd89366eff957cfb9eb4b528a.jpg,https://www.pingodoce.pt/produtos/marca-propria-pingo-doce/pingo-doce/iogurte-de-morango-sem-lactose-pingo-doce-120-g/,,pingo-doce,20241115_132750
iogurte-natural-sem-lactose-pingo-doce-120-g,Iogurte Natural sem Lactose Pingo Doce 120 g,"0,28€ / UN",https://www.pingodoce.pt/wp-content/uploads/products/thumbnail/802046003-5b6da741d80734ddde6873ee10a11209.jpg,https://www.pingodoce.pt/produtos/marca-propria-pingo-doce/pingo-doce/iogurte-natural-sem-lactose-pingo-doce-120-g/,,pingo-doce,20241115_132750
leite-uht-meio-gordo-pingo-doce-200-ml,Leite UHT Meio Gordo Pingo Doce 200 ml,"0,30€ / UN",https://www.pingodoce.pt/wp-content/uploads/products/thumbnail/876574-5aed27cecf6a20deea4f3a808630de0a.jpg,https://www.pingodoce.pt/produtos/marca-propria-pingo-doce/pingo-doce/leite-uht-meio-gordo-pingo-doce-200-ml/,,pingo-doce,20241115_132750
leite-uht-achocolatado-pingo-doce-200-ml-2,Leite UHT Achocolatado Pingo Doce 200 ml,"0,31€ / UN",https://www.pingodoce.pt/wp-content/uploads/products/thumbnail/885432-54ec3c144f4a3fbf1825a4e1ec58e186.jpg,https://www.pingodoce.pt/produtos/marca-propria-pingo-doce/pingo-doce/leite-uht-achocolatado-pingo-doce-200-ml-2/,,pingo-doce,20241115_132750
leite-uht-magro-pingo-doce-200-ml,Leite UHT Magro Pingo Doce 200 ml,"0,31€ / UN",https://www.pingodoce.pt/wp-content/uploads/products/thumbnail/945049-d83db71e4bc2a381d5aa5fe397cacb03.jpg,https://www.pingodoce.pt/produtos/marca-propria-pingo-doce/pingo-doce/leite-uht-magro-pingo-doce-200-ml/,,pingo-doce,20241115_132750
iogurte-magro-natural-sem-lactose-pingo-doce-125-g,Iogurte Magro Natural sem Lactose Pingo Doce 125 g,"0,32€ / UN",https://www.pingodoce.pt/wp-content/uploads/products/thumbnail/972042-5445571f2c57a87c3a03db4399c06bae.jpg,https://www.pingodoce.pt/produtos/marca-propria-pingo-doce/pingo-doce/iogurte-magro-natural-sem-lactose-pingo-doce-125-g/,,pingo-doce,20241115_132750
bifidus-natural-pingo-doce-125-g,Bifidus Natural Pingo Doce 125 g,"0,35€ / UN",https://www.pingodoce.pt/wp-content/uploads/products/thumbnail/703380-f3bd46749710ff1d528eb59d09b2b9a3.jpg,https://www.pingodoce.pt/produtos/marca-propria-pingo-doce/pingo-doce/bifidus-natural-pingo-doce-125-g/,,pingo-doce,20241115_132750
bebida-vegetal-de-soja-original-pingo-doce-200-ml,Bebida Vegetal de Soja Original Pingo Doce 200 ml,"0,35€ / UN",https://www.pingodoce.pt/wp-content/uploads/products/thumbnail/960349-7fbc682795a803933ea584fac58e1398.jpg,https://www.pingodoce.pt/produtos/marca-propria-pingo-doce/pingo-doce/bebida-vegetal-de-soja-original-pingo-doce-200-ml/,,pingo-doce,20241115_132750
iogurte-magro-pedacos-de-morango-pingo-doce-125-g,Iogurte Magro Pedaços de Morango Pingo Doce 125 g,"0,36€ / UN",https://www.pingodoce.pt/wp-content/uploads/products/thumbnail/956788-22652388430f66b41f13f24f1b938b37.jpg,https://www.pingodoce.pt/produtos/marca-propria-pingo-doce/pingo-doce/iogurte-magro-pedacos-de-morango-pingo-doce-125-g/,,pingo-doce,20241115_132750
iogurte-magro-pedacos-de-cereais-pingo-doce-125-g,Iogurte Magro Pedaços de Cereais Pingo Doce 125 g,"0,36€ / UN",https://www.pingodoce.pt/wp-content/uploads/products/thumbnail/956783-eb9e1201b5ea116c210c4ddc61c6f4ed.jpg,https://www.pingodoce.pt/produtos/marca-propria-pingo-doce/pingo-doce/iogurte-magro-pedacos-de-cereais-pingo-doce-125-g/,,pingo-doce,20241115_132750
iogurte-magro-pedacos-de-ananas-pingo-doce-125-g,Iogurte Magro Pedaços de Ananás Pingo Doce 125 g,"0,36€ / UN",https://www.pingodoce.pt/wp-content/uploads/products/thumbnail/956790-f8bcbfbab1bb7980ef527f3cf4f7e80d.jpg,https://www.pingodoce.pt/produtos/marca-propria-pingo-doce/pingo-doce/iogurte-magro-pedacos-de-ananas-pingo-doce-125-g/,,pingo-doce,20241115_132750
iogurte-magro-pedacos-de-mirtilo-pingo-doce-125-g,Iogurte Magro Pedaços de Mirtilo Pingo Doce 125 g,"0,36€ / UN",https://www.pingodoce.pt/wp-content/uploads/products/thumbnail/956791-d0e9d8774d341545e75983ca2831bef2.jpg,https://www.pingodoce.pt/produtos/marca-propria-pingo-doce/pingo-doce/iogurte-magro-pedacos-de-mirtilo-pingo-doce-125-g/,,pingo-doce,20241115_132750
iogurte-cremoso-baunilha-pingo-doce-125-g,Iogurte Cremoso Baunilha Pingo Doce 125 g,"0,42€ / UN",https://www.pingodoce.pt/wp-content/uploads/products/thumbnail/956787-05ce09c2d2468e1ba26eb7600869ecc6.jpg,https://www.pingodoce.pt/produtos/marca-propria-pingo-doce/pingo-doce/iogurte-cremoso-baunilha-pingo-doce-125-g/,,pingo-doce,20241115_132750
iogurte-cremoso-natural-acucarado-pingo-doce-125-g,Iogurte Cremoso Natural Açucarado Pingo Doce 125 g,"0,42€ / UN",https://www.pingodoce.pt/wp-content/uploads/products/thumbnail/431962-de817f3cc99317730b3f91cfd2f45258.jpg,https://www.pingodoce.pt/produtos/marca-propria-pingo-doce/pingo-doce/iogurte-cremoso-natural-acucarado-pingo-doce-125-g/,,pingo-doce,20241115_132750
iogurte-cremoso-strawberry-nuts-pingo-doce-125-g,Iogurte Cremoso Strawberry Nuts Pingo Doce 125 g,"0,42€ / UN",https://www.pingodoce.pt/wp-content/uploads/products/thumbnail/470811-61f460ea78cc5d27316132b7e5cf430d.jpg,https://www.pingodoce.pt/produtos/marca-propria-pingo-doce/pingo-doce/iogurte-cremoso-strawberry-nuts-pingo-doce-125-g/,,pingo-doce,20241115_132750
iogurte-cremoso-biscuit-pingo-doce-125-g,Iogurte Cremoso Biscuit Pingo Doce 125 g,"0,42€ / UN",https://www.pingodoce.pt/wp-content/uploads/products/thumbnail/470812-3d2c5cecd66fabfd08f77ae6ef48fde9.jpg,https://www.pingodoce.pt/produtos/marca-propria-pingo-doce/pingo-doce/iogurte-cremoso-biscuit-pingo-doce-125-g/,,pingo-doce,20241115_132750
leite-uht-meio-gordo-sem-lactose-pingo-doce-200-ml,Leite UHT Meio Gordo sem Lactose Pingo Doce 200 ml,"0,43€ / UN",https://www.pingodoce.pt/wp-content/uploads/products/thumbnail/919501-9a10fc2b0cd8ab131240a6cd3ef3f55e.jpg,https://www.pingodoce.pt/produtos/marca-propria-pingo-doce/pingo-doce/leite-uht-meio-gordo-sem-lactose-pingo-doce-200-ml/,,pingo-doce,20241115_132750
iogurte-magro-fruta-batida-limao-e-gengibre-pingo-doce-125-g,Iogurte Magro Fruta Batida Limão e Gengibre Pingo Doce 125 g,"0,43€ / UN",https://www.pingodoce.pt/wp-content/uploads/products/thumbnail/923859-14886cc72eaf878a87b61c4373be30df.jpg,https://www.pingodoce.pt/produtos/marca-propria-pingo-doce/pingo-doce/iogurte-magro-fruta-batida-limao-e-gengibre-pingo-doce-125-g/,,pingo-doce,20241115_132750
iogurte-magro-fruta-batida-morango-e-menta-pingo-doce-125-g,Iogurte Magro Fruta Batida Morango e Menta Pingo Doce 125 g,"0,43€ / UN",https://www.pingodoce.pt/wp-content/uploads/products/thumbnail/923860-7135e2e2b56f9acc4dda680912e26197.jpg,https://www.pingodoce.pt/produtos/marca-propria-pingo-doce/pingo-doce/iogurte-magro-fruta-batida-morango-e-menta-pingo-doce-125-g/,,pingo-doce,20241115_132750
leite-uht-magro-sem-lactose-pingo-doce-200-ml,Leite UHT Magro sem Lactose Pingo Doce 200 ml,"0,43€ / UN",https://www.pingodoce.pt/wp-content/uploads/products/thumbnail/943770-e0af3e086fdf822ee581aa97235a5fb3.jpg,https://www.pingodoce.pt/produtos/marca-propria-pingo-doce/pingo-doce/leite-uht-magro-sem-lactose-pingo-doce-200-ml/,,pingo-doce,20241115_132750
iogurte-petit-morango-banana-e-bolacha-pingo-doce-125-g,"Iogurte Petit Morango, Banana e Bolacha Pingo Doce 125 g","0,45€ / UN",https://www.pingodoce.pt/wp-content/uploads/products/thumbnail/575009-ef31f8c60567b506b588c9a67579a72f.jpg,https://www.pingodoce.pt/produtos/marca-propria-pingo-doce/pingo-doce/iogurte-petit-morango-banana-e-bolacha-pingo-doce-125-g/,,pingo-doce,20241115_132750
leite-uht-achocolatado-sem-lactose-pingo-doce-200-ml,Leite UHT Achocolatado sem Lactose Pingo Doce 200 ml,"0,46€ / UN",https://www.pingodoce.pt/wp-content/uploads/products/thumbnail/936424-ff3cc211660e3b3b9f5b26a546471e16.jpg,https://www.pingodoce.pt/produtos/marca-propria-pingo-doce/pingo-doce/leite-uht-achocolatado-sem-lactose-pingo-doce-200-ml/,,pingo-doce,20241115_132750
bifidus-00-com-espelta-sementes-e-nozes-pingo-doce-125-g,"Bifidus 00% com Espelta, Sementes e Nozes Pingo Doce 125 g","0,47€ / UN",https://www.pingodoce.pt/wp-content/uploads/products/thumbnail/955917-6ca08fd3984ba9a6dd15ad8fa6feb890.jpg,https://www.pingodoce.pt/produtos/marca-propria-pingo-doce/pingo-doce/bifidus-00-com-espelta-sementes-e-nozes-pingo-doce-125-g/,,pingo-doce,20241115_132750
bifidus-00-quinoa-e-sementes-girassol-pingo-doce-125-g,Bifidus 00% Quinoa e Sementes Girassol Pingo Doce 125 g,"0,47€ / UN",https://www.pingodoce.pt/wp-content/uploads/products/thumbnail/955918-1db446e228959d236a39826a3ed8e67b.jpg,https://www.pingodoce.pt/produtos/marca-propria-pingo-doce/pingo-doce/bifidus-00-quinoa-e-sementes-girassol-pingo-doce-125-g/,,pingo-doce,20241115_132750
iogurte-magro-morango-sem-lactose-pingo-doce-120-g,Iogurte Magro Morango sem Lactose Pingo Doce 120 g,"0,48€ / UN",https://www.pingodoce.pt/wp-content/uploads/products/thumbnail/878976001-febb4ae8d14d94c576b2de5b7cb18ead.jpg,https://www.pingodoce.pt/produtos/marca-propria-pingo-doce/pingo-doce/iogurte-magro-morango-sem-lactose-pingo-doce-120-g/,,pingo-doce,20241115_132750
iogurte-pedacos-de-cereais-sem-lactose-pingo-doce-120-g,Iogurte Pedaços de Cereais sem Lactose Pingo Doce 120 g,"0,48€ / UN",https://www.pingodoce.pt/wp-content/uploads/products/thumbnail/878977002-337d02f799d15f7205b11534ac26d054.jpg,https://www.pingodoce.pt/produtos/marca-propria-pingo-doce/pingo-doce/iogurte-pedacos-de-cereais-sem-lactose-pingo-doce-120-g/,,pingo-doce,20241115_132750
iogurte-pedacos-de-mirtilo-sem-lactose-pingo-doce-120-g,Iogurte Pedaços de Mirtilo sem Lactose Pingo Doce 120 g,"0,48€ / UN",https://www.pingodoce.pt/wp-content/uploads/products/thumbnail/962264-8cad3f235b1f36673d974f6710314e28.jpg,https://www.pingodoce.pt/produtos/marca-propria-pingo-doce/pingo-doce/iogurte-pedacos-de-mirtilo-sem-lactose-pingo-doce-120-g/,,pingo-doce,20241115_132750
iogurte-pedacos-de-pessego-sem-lactose-pingo-doce-120-g,Iogurte Pedaços de Pêssego sem Lactose Pingo Doce 120 g,"0,48€ / UN",https://www.pingodoce.pt/wp-content/uploads/products/thumbnail/976849-57e1ce35b60a4e96dfb6ff41f2fa9888.jpg,https://www.pingodoce.pt/produtos/marca-propria-pingo-doce/pingo-doce/iogurte-pedacos-de-pessego-sem-lactose-pingo-doce-120-g/,,pingo-doce,20241115_132750
iogurte-magro-sem-lactose-coco-120g,"Iogurte Magro sem Lactose, Coco 120g","0,48€ / UN",https://www.pingodoce.pt/wp-content/uploads/products/thumbnail/977578-5649d2880e798923b378b8fe0a15ff33.jpg,https://www.pingodoce.pt/produtos/marca-propria-pingo-doce/pingo-doce/iogurte-magro-sem-lactose-coco-120g/,,pingo-doce,20241115_132750
iogurte-bicompartimentado-chocopintas-pingo-doce-140-g,Iogurte Bicompartimentado Chocopintas Pingo Doce 140 g,"0,54€ / UN",https://www.pingodoce.pt/wp-content/uploads/products/thumbnail/753133-ba043255e39a7a17d2a78921ff5ffb16.jpg,https://www.pingodoce.pt/produtos/marca-propria-pingo-doce/pingo-doce/iogurte-bicompartimentado-chocopintas-pingo-doce-140-g/,,pingo-doce,20241115_132750
queijo-fresco-de-vaca-meio-gordo-pingo-doce-80-g,Queijo Fresco de Vaca Meio Gordo Pingo Doce 80 g,"0,54€ / UN",https://www.pingodoce.pt/wp-content/uploads/products/thumbnail/813716-4883af09bb1a9079349fb9bfa3b36df1.jpg,https://www.pingodoce.pt/produtos/marca-propria-pingo-doce/pingo-doce/queijo-fresco-de-vaca-meio-gordo-pingo-doce-80-g/,,pingo-doce,20241115_132750
iogurte-bicompartimentado-chocolocos-pingo-doce-128-g,Iogurte Bicompartimentado Chocolocos Pingo Doce 128 g,"0,54€ / UN",https://www.pingodoce.pt/wp-content/uploads/products/thumbnail/822717-f734af30bdf120e767a3bcc5dc1b7ca6.jpg,https://www.pingodoce.pt/produtos/marca-propria-pingo-doce/pingo-doce/iogurte-bicompartimentado-chocolocos-pingo-doce-128-g/,,pingo-doce,20241115_132750
leite-uht-achocolatado-pingo-doce-200-ml,Leite UHT Achocolatado Pingo Doce 200 ml,"0,54€ / UN",https://www.pingodoce.pt/wp-content/uploads/products/thumbnail/885431-a8fada283c1d9e3dde82dc084c224c9c.jpg,https://www.pingodoce.pt/produtos/marca-propria-pingo-doce/pingo-doce/leite-uht-achocolatado-pingo-doce-200-ml/,,pingo-doce,20241115_132750
queijo-fresco-de-vaca-light-pingo-doce-80-g,Queijo Fresco de Vaca Light Pingo Doce 80 g,"0,54€ / UN",https://www.pingodoce.pt/wp-content/uploads/products/thumbnail/889016-7feb26409a96bb867ca0938ae90b5a29.jpg,https://www.pingodoce.pt/produtos/marca-propria-pingo-doce/pingo-doce/queijo-fresco-de-vaca-light-pingo-doce-80-g/,,pingo-doce,20241115_132750
iogurte-skyr-kiwi-e-spirulina-pingo-doce-150-g,Iogurte Skyr Kiwi e Spirulina Pingo Doce 150 g,"0,69€ / UN",https://www.pingodoce.pt/wp-content/uploads/products/thumbnail/923909-34ef93cf5c14e418388e4f823d8d3ce4.jpg,https://www.pingodoce.pt/produtos/marca-propria-pingo-doce/pingo-doce/iogurte-skyr-kiwi-e-spirulina-pingo-doce-150-g/,,pingo-doce,20241115_132750
molho-bechamel-pingo-doce-200-ml,Molho Béchamel Pingo Doce 200 ml,"0,70€ / UN",https://www.pingodoce.pt/wp-content/uploads/products/thumbnail/753015-c02f72fe963871fe6eef9dd2ac559320.jpg,https://www.pingodoce.pt/produtos/marca-propria-pingo-doce/pingo-doce/molho-bechamel-pingo-doce-200-ml/,,pingo-doce,20241115_132750
natas-uht-light-pingo-doce-200-ml,Natas UHT Light Pingo Doce 200 ml,"0,72€ / UN",https://www.pingodoce.pt/wp-content/uploads/products/thumbnail/888830-0b99226a6f1e44a2836da75d90b76824.jpg,https://www.pingodoce.pt/produtos/marca-propria-pingo-doce/pingo-doce/natas-uht-light-pingo-doce-200-ml/,,pingo-doce,20241115_132750
natas-uht-para-bater-pingo-doce-200-ml,Natas UHT para Bater Pingo Doce 200 ml,"0,75€ / UN",https://www.pingodoce.pt/wp-content/uploads/products/thumbnail/876196-fe50e9b283f5a5c75638f915267ac6df.jpg,https://www.pingodoce.pt/produtos/marca-propria-pingo-doce/pingo-doce/natas-uht-para-bater-pingo-doce-200-ml/,,pingo-doce,20241115_132750
creme-vegetal-para-culinaria-pingo-doce-250-g,Creme Vegetal para Culinária Pingo Doce 250 g,"0,77€ / UN",https://www.pingodoce.pt/wp-content/uploads/products/thumbnail/823762-b736241bb7fcda9ee8b721a3c6a763a8.jpg,https://www.pingodoce.pt/produtos/marca-propria-pingo-doce/pingo-doce/creme-vegetal-para-culinaria-pingo-doce-250-g/,,pingo-doce,20241115_132750
bebida-vegetal-de-soja-0-acucar-pingo-doce-1-l,Bebida Vegetal de Soja 0% Açúcar Pingo Doce 1 L,"0,79€ / UN",https://www.pingodoce.pt/wp-content/uploads/products/thumbnail/953941-5c2e04478c3022f4a2b1be0bff9f7f73.jpg,https://www.pingodoce.pt/produtos/marca-propria-pingo-doce/pingo-doce/bebida-vegetal-de-soja-0-acucar-pingo-doce-1-l/,,pingo-doce,20241115_132750
bebida-vegetal-de-soja-pingo-doce-1-l,Bebida Vegetal de Soja Pingo Doce 1 L,"0,79€ / UN",https://www.pingodoce.pt/wp-content/uploads/products/thumbnail/968547-73b501a645b006f580eccc04f6a78766.jpg,https://www.pingodoce.pt/produtos/marca-propria-pingo-doce/pingo-doce/bebida-vegetal-de-soja-pingo-doce-1-l/,,pingo-doce,20241115_132750
iogurte-natural-inteiro-probiotico-pingo-doce-2x125-g,Iogurte Natural Inteiro Probiótico Pingo Doce 2×125 g,"0,80€ / UN",https://www.pingodoce.pt/wp-content/uploads/products/thumbnail/923861-183cb6cc8b867993e7324c3c9dec935b.jpg,https://www.pingodoce.pt/produtos/marca-propria-pingo-doce/pingo-doce/iogurte-natural-inteiro-probiotico-pingo-doce-2x125-g/,,pingo-doce,20241115_132750
leite-uht-magro-pingo-doce-1-l,Leite UHT Magro Pingo Doce 1 L,"0,82€ / UN",https://www.pingodoce.pt/wp-content/uploads/products/thumbnail/48149-fedc9a0d3d721b7580c28d16cdab3a5c.jpg,https://www.pingodoce.pt/produtos/marca-propria-pingo-doce/pingo-doce/leite-uht-magro-pingo-doce-1-l/,,pingo-doce,20241115_132750
leite-uht-meio-gordo-pingo-doce-1-l,Leite UHT Meio Gordo Pingo Doce 1 L,"0,82€ / UN",https://www.pingodoce.pt/wp-content/uploads/products/thumbnail/48150-9d377b48ab0d580793bf028c9b9e0418.jpg,https://www.pingodoce.pt/produtos/marca-propria-pingo-doce/pingo-doce/leite-uht-meio-gordo-pingo-doce-1-l/,,pingo-doce,20241115_132750
bebida-vegetal-de-soja-light-pingo-doce-1-l,Bebida Vegetal de Soja Light Pingo Doce 1 L,"0,83€ / UN",https://www.pingodoce.pt/wp-content/uploads/products/thumbnail/967613-4372c811ade015ad5f0c037838ee4536.jpg,https://www.pingodoce.pt/produtos/marca-propria-pingo-doce/pingo-doce/bebida-vegetal-de-soja-light-pingo-doce-1-l/,,pingo-doce,20241115_132750
iogurte-petit-suisse-morango-framboesa-e-alperce-pingo-doce-6x60-g,"Iogurte Petit Suisse Morango, Framboesa e Alperce Pingo Doce 6×60 g","0,87€ / UN",https://www.pingodoce.pt/wp-content/uploads/products/thumbnail/305068-a942276af46d9e11ed67c9a4a2683143.jpg,https://www.pingodoce.pt/produtos/marca-propria-pingo-doce/pingo-doce/iogurte-petit-suisse-morango-framboesa-e-alperce-pingo-doce-6x60-g/,,pingo-doce,20241115_132750
iogurte-petit-suisse-morango-pingo-doce-6x60-g,Iogurte Petit Suisse Morango Pingo Doce 6×60 g,"0,87€ / UN",https://www.pingodoce.pt/wp-content/uploads/products/thumbnail/305069-39084c3b93de7dd17c2588e29caeb388.jpg,https://www.pingodoce.pt/produtos/marca-propria-pingo-doce/pingo-doce/iogurte-petit-suisse-morango-pingo-doce-6x60-g/,,pingo-doce,20241115_132750
banha-de-porco-pingo-doce-230-g,Banha de Porco Pingo Doce 230 g,"0,89€ / UN",https://www.pingodoce.pt/wp-content/uploads/products/thumbnail/720957-628ab4081be7b706709c5a4bd7b1e830.jpg,https://www.pingodoce.pt/produtos/marca-propria-pingo-doce/pingo-doce/banha-de-porco-pingo-doce-230-g/,,pingo-doce,20241115_132750
queijo-fresco-de-ovelha-pingo-doce-70-g,Queijo Fresco de Ovelha Pingo Doce 70 g,"0,89€ / UN",https://www.pingodoce.pt/wp-content/uploads/products/thumbnail/889018-d5b381b1fad234859de14384f60e9cd4.jpg,https://www.pingodoce.pt/produtos/marca-propria-pingo-doce/pingo-doce/queijo-fresco-de-ovelha-pingo-doce-70-g/,,pingo-doce,20241115_132750
natas-sem-lactose-pingo-doce-200-ml,Natas sem Lactose Pingo Doce 200 ml,"0,89€ / UN",https://www.pingodoce.pt/wp-content/uploads/products/thumbnail/914803-21559f7b317ba5d122632a8e2128810e.jpg,https://www.pingodoce.pt/produtos/marca-propria-pingo-doce/pingo-doce/natas-sem-lactose-pingo-doce-200-ml/,,pingo-doce,20241115_132750
bebida-vegetal-de-soja-e-baunilha-pingo-doce-1-l,Bebida Vegetal de Soja e Baunilha Pingo Doce 1 L,"0,94€ / UN",https://www.pingodoce.pt/wp-content/uploads/products/thumbnail/968543-e511d5322f8503e3925e242fb34dcc29.jpg,https://www.pingodoce.pt/produtos/marca-propria-pingo-doce/pingo-doce/bebida-vegetal-de-soja-e-baunilha-pingo-doce-1-l/,,pingo-doce,20241115_132750
requeijao-de-vaca-pingo-doce-170-g,Requeijão de Vaca Pingo Doce 170 g,"0,97€ / UN",https://www.pingodoce.pt/wp-content/uploads/products/thumbnail/766468-001aded3db85479a9d58d88c451dd90d.jpg,https://www.pingodoce.pt/produtos/marca-propria-pingo-doce/pingo-doce/requeijao-de-vaca-pingo-doce-170-g/,,pingo-doce,20241115_132750
iogurte-batido-natural-acucarado-vidro-pingo-doce-2x125-g,Iogurte Batido Natural Açucarado Vidro Pingo Doce 2×125 g,"0,98€ / UN",https://www.pingodoce.pt/wp-content/uploads/products/thumbnail/299077-00bb898e3a9a2d973aa4bbc3d339aaf5.jpg,https://www.pingodoce.pt/produtos/marca-propria-pingo-doce/pingo-doce/iogurte-batido-natural-acucarado-vidro-pingo-doce-2x125-g/,,pingo-doce,20241115_132750
leite-fresco-meio-gordo-pingo-doce-1-l,Leite Fresco Meio Gordo Pingo Doce 1 L,"0,99€ / UN",https://www.pingodoce.pt/wp-content/uploads/products/thumbnail/882442-0f2ea19b72e293e3dd190ffcae98e8c2.jpg,https://www.pingodoce.pt/produtos/marca-propria-pingo-doce/pingo-doce/leite-fresco-meio-gordo-pingo-doce-1-l/,,pingo-doce,20241115_132750
leite-uht-gordo-pingo-doce-1-l,Leite UHT Gordo Pingo Doce 1 L,"0,99€ / UN",https://www.pingodoce.pt/wp-content/uploads/products/thumbnail/48151-47c82a76ff1e410b5deee389f4e2aa26.jpg,https://www.pingodoce.pt/produtos/marca-propria-pingo-doce/pingo-doce/leite-uht-gordo-pingo-doce-1-l/,,pingo-doce,20241115_132750
queijo-fundido-8-porcoes-pingo-doce-140-g,Queijo Fundido 8 Porções Pingo Doce 140 g,"0,99€ / UN",https://www.pingodoce.pt/wp-content/uploads/products/thumbnail/765630-c78b6576ccfd8a54ab5fa119cc3e9961.jpg,https://www.pingodoce.pt/produtos/marca-propria-pingo-doce/pingo-doce/queijo-fundido-8-porcoes-pingo-doce-140-g/,,pingo-doce,20241115_132750
creme-de-soja-culinaria-pingo-doce-200-ml,Creme de Soja Culinária Pingo Doce 200 ml,"0,99€ / UN",https://www.pingodoce.pt/wp-content/uploads/products/thumbnail/960351-3bdfcd629b91450ed4e854c64d0e74d8.jpg,https://www.pingodoce.pt/produtos/marca-propria-pingo-doce/pingo-doce/creme-de-soja-culinaria-pingo-doce-200-ml/,,pingo-doce,20241115_132750
leite-fresco-magro-pingo-doce-1-l,Leite Fresco Magro Pingo Doce 1 L,"0,99€ / UN",https://www.pingodoce.pt/wp-content/uploads/products/thumbnail/882443-a8a5695b93063d25bf4a78c71bc1d1c3.jpg,https://www.pingodoce.pt/produtos/marca-propria-pingo-doce/pingo-doce/leite-fresco-magro-pingo-doce-1-l/,,pingo-doce,20241115_132750
queijo-cottage-pingo-doce-200-g,Queijo Cottage Pingo Doce 200 g,"0,99€ / UN",https://www.pingodoce.pt/wp-content/uploads/products/thumbnail/943518-fc0893f6570a89f6ee30b6b97d8be113.jpg,https://www.pingodoce.pt/produtos/marca-propria-pingo-doce/pingo-doce/queijo-cottage-pingo-doce-200-g/,,pingo-doce,20241115_132750
bebida-vegetal-de-aveia-pingo-doce-1-l,Bebida Vegetal de Aveia Pingo Doce 1 L,"0,99€ / UN",https://www.pingodoce.pt/wp-content/uploads/products/thumbnail/967869-4ffd02f36db9bbdb73bddeb1e6f57d1b.jpg,https://www.pingodoce.pt/produtos/marca-propria-pingo-doce/pingo-doce/bebida-vegetal-de-aveia-pingo-doce-1-l/,,pingo-doce,20241115_132750
leite-uht-meio-gordo-selecao-pingo-doce-1-l,Leite UHT Meio Gordo Seleção Pingo Doce 1 L,"0,99€ / UN",https://www.pingodoce.pt/wp-content/uploads/products/thumbnail/980495-52428ad23c6d74866ec7e0f44a9e95ca.jpg,https://www.pingodoce.pt/produtos/marca-propria-pingo-doce/pingo-doce/leite-uht-meio-gordo-selecao-pingo-doce-1-l/,,pingo-doce,20241115_132750
leite-uht-magro-selecao-pingo-doce-1-l,Leite UHT Magro Seleção Pingo Doce 1 L,"0,99€ / UN",https://www.pingodoce.pt/wp-content/uploads/products/thumbnail/980496-a4aaa3d1bc9305a2c284e786ac7660db.jpg,https://www.pingodoce.pt/produtos/marca-propria-pingo-doce/pingo-doce/leite-uht-magro-selecao-pingo-doce-1-l/,,pingo-doce,20241115_132750
leite-uht-magro-sem-lactose-pingo-doce-1-l,Leite UHT Magro sem Lactose Pingo Doce 1 L,"1,05€ / UN",https://www.pingodoce.pt/wp-content/uploads/products/thumbnail/977851-85519e8fa5de2e89f680008c2cf23590.jpg,https://www.pingodoce.pt/produtos/marca-propria-pingo-doce/pingo-doce/leite-uht-magro-sem-lactose-pingo-doce-1-l/,,pingo-doce,20241115_132750
leite-uht-meio-gordo-sem-lactose-pingo-doce-1-l,Leite UHT Meio Gordo sem Lactose Pingo Doce 1 L,"1,05€ / UN",https://www.pingodoce.pt/wp-content/uploads/products/thumbnail/977850-35cad08ee5afcaeb962bacc2efcfeb36.jpg,https://www.pingodoce.pt/produtos/marca-propria-pingo-doce/pingo-doce/leite-uht-meio-gordo-sem-lactose-pingo-doce-1-l/,,pingo-doce,20241115_132750
iogurte-batido-pedacos-de-amora-vidro-pingo-doce-2x125-g,Iogurte Batido Pedaços de Amora Vidro Pingo Doce 2×125 g,"1,08€ / UN",https://www.pingodoce.pt/wp-content/uploads/products/thumbnail/299817-bd979d31c067371e0bd65c7d2251c75d.jpg,https://www.pingodoce.pt/produtos/marca-propria-pingo-doce/pingo-doce/iogurte-batido-pedacos-de-amora-vidro-pingo-doce-2x125-g/,,pingo-doce,20241115_132750
iogurte-batido-pedacos-de-manga-vidro-pingo-doce-2x125-g,Iogurte Batido Pedaços de Manga Vidro Pingo Doce 2×125 g,"1,08€ / UN",https://www.pingodoce.pt/wp-content/uploads/products/thumbnail/866604-80dede65019968ea490f56f1c6b2a43b.jpg,https://www.pingodoce.pt/produtos/marca-propria-pingo-doce/pingo-doce/iogurte-batido-pedacos-de-manga-vidro-pingo-doce-2x125-g/,,pingo-doce,20241115_132750
leite-fresco-meio-gordo-sem-lactose-pingo-doce-1-l,Leite Fresco Meio Gordo sem Lactose Pingo Doce 1 L,"1,09€ / UN",https://www.pingodoce.pt/wp-content/uploads/products/thumbnail/919502-d9a3f570e7d85b6d70f18bc0b3f554f1.jpg,https://www.pingodoce.pt/produtos/marca-propria-pingo-doce/pingo-doce/leite-fresco-meio-gordo-sem-lactose-pingo-doce-1-l/,,pingo-doce,20241115_132750
bebida-vegetal-de-amendoa-pingo-doce-1-l,Bebida Vegetal de Amêndoa Pingo Doce 1 L,"1,09€ / UN",https://www.pingodoce.pt/wp-content/uploads/products/thumbnail/969435-c50b59d9368e70b4274f69f63e7dc9d1.jpg,https://www.pingodoce.pt/produtos/marca-propria-pingo-doce/pingo-doce/bebida-vegetal-de-amendoa-pingo-doce-1-l/,,pingo-doce,20241115_132750
preparado-vegetal-a-base-de-soja-natural-pingo-doce-400-g,Preparado Vegetal à Base de Soja Natural Pingo Doce 400 g,"1,14€ / UN",https://www.pingodoce.pt/wp-content/uploads/products/thumbnail/967367-4a5141ff804fb1ec6a78f8216d338fe9.jpg,https://www.pingodoce.pt/produtos/marca-propria-pingo-doce/pingo-doce/preparado-vegetal-a-base-de-soja-natural-pingo-doce-400-g/,,pingo-doce,20241115_132750
queijo-fresco-de-vaca-light-pingo-doce-200-g,Queijo Fresco de Vaca Light Pingo Doce 200 g,"1,15€ / UN",https://www.pingodoce.pt/wp-content/uploads/products/thumbnail/889017-078bd94c3d3692a1d6244985d3ee980c.jpg,https://www.pingodoce.pt/produtos/marca-propria-pingo-doce/pingo-doce/queijo-fresco-de-vaca-light-pingo-doce-200-g/,,pingo-doce,20241115_132750
bebida-vegetal-de-arroz-pingo-doce-1-l,Bebida Vegetal de Arroz Pingo Doce 1 L,"1,15€ / UN",https://www.pingodoce.pt/wp-content/uploads/products/thumbnail/967547-87376eb66ec1b5d874012631e2bb9c5c.jpg,https://www.pingodoce.pt/produtos/marca-propria-pingo-doce/pingo-doce/bebida-vegetal-de-arroz-pingo-doce-1-l/,,pingo-doce,20241115_132750
queijo-fresco-pingo-doce-200-g,Queijo Fresco Pingo Doce 200 g,"1,15€ / UN",https://www.pingodoce.pt/wp-content/uploads/products/thumbnail/961861-2bcb08d2d2942d9af52eec4f43f284d5.jpg,https://www.pingodoce.pt/produtos/marca-propria-pingo-doce/pingo-doce/queijo-fresco-pingo-doce-200-g/,,pingo-doce,20241115_132750
queijo-creme-original-para-barrar-pingo-doce-200-g,Queijo Creme Original para Barrar Pingo Doce 200 g,"1,16€ / UN",https://www.pingodoce.pt/wp-content/uploads/products/thumbnail/925077-e8e8dcb6a473c724e9e685a0d315b830.jpg,https://www.pingodoce.pt/produtos/marca-propria-pingo-doce/pingo-doce/queijo-creme-original-para-barrar-pingo-doce-200-g/,,pingo-doce,20241115_132750
iogurte-liquido-petit-morango-e-banana-pingo-doce-6x100-g,Iogurte Líquido Petit Morango e Banana Pingo Doce 6×100 g,"1,19€ / UN",https://www.pingodoce.pt/wp-content/uploads/products/thumbnail/754671002-70f21046fb22a7b3f88b8b26241b130a.jpg,https://www.pingodoce.pt/produtos/marca-propria-pingo-doce/pingo-doce/iogurte-liquido-petit-morango-e-banana-pingo-doce-6x100-g/,,pingo-doce,20241115_132750
preparado-vegetal-a-base-de-soja-natural-pingo-doce-4x120-g,Preparado Vegetal à Base de Soja Natural Pingo Doce 4×120 g,"1,21€ / UN",https://www.pingodoce.pt/wp-content/uploads/products/thumbnail/958593-5171cd952b3e9b67802a436e3ade5f4d.jpg,https://www.pingodoce.pt/produtos/marca-propria-pingo-doce/pingo-doce/preparado-vegetal-a-base-de-soja-natural-pingo-doce-4x120-g/,,pingo-doce,20241115_132750
queijo-creme-light-para-barrar-pingo-doce-200-g,Queijo Creme Light para Barrar Pingo Doce 200 g,"1,28€ / UN",https://www.pingodoce.pt/wp-content/uploads/products/thumbnail/834812-998e0b87b20e686cbc1a28e0790b7ccc.jpg,https://www.pingodoce.pt/produtos/marca-propria-pingo-doce/pingo-doce/queijo-creme-light-para-barrar-pingo-doce-200-g/,,pingo-doce,20241115_132750
palitos-de-queijo-mozzarella-pingo-doce-4x20-g,Palitos de Queijo Mozzarella Pingo Doce 4×20 g,"1,28€ / UN",https://www.pingodoce.pt/wp-content/uploads/products/thumbnail/888190-11400a3f5b218f63395886b86605aa16.jpg,https://www.pingodoce.pt/produtos/marca-propria-pingo-doce/pingo-doce/palitos-de-queijo-mozzarella-pingo-doce-4x20-g/,,pingo-doce,20241115_132750
queijo-creme-com-ervas-para-barrar-pingo-doce-200-g,Queijo Creme com Ervas para Barrar Pingo Doce 200 g,"1,28€ / UN",https://www.pingodoce.pt/wp-content/uploads/products/thumbnail/925098-c10831b83cb16af30a3d76418451969e.jpg,https://www.pingodoce.pt/produtos/marca-propria-pingo-doce/pingo-doce/queijo-creme-com-ervas-para-barrar-pingo-doce-200-g/,,pingo-doce,20241115_132750
bebida-vegetal-de-aveia-barista-pingo-doce-1-l,Bebida Vegetal de Aveia Barista Pingo Doce 1 L,"1,29€ / UN",https://www.pingodoce.pt/wp-content/uploads/products/thumbnail/957416-8272a776edd36bf688ada26b40c3e4fb.jpg,https://www.pingodoce.pt/produtos/marca-propria-pingo-doce/pingo-doce/bebida-vegetal-de-aveia-barista-pingo-doce-1-l/,,pingo-doce,20241115_132750
bebida-vegetal-de-aveia-sabor-a-leite-pingo-doce-1l,Bebida Vegetal de Aveia Sabor a Leite Pingo Doce 1L,"1,29€ / UN",https://www.pingodoce.pt/wp-content/uploads/products/thumbnail/973185-d14ac5fc38f9203962110167bcaaac74.jpg,https://www.pingodoce.pt/produtos/marca-propria-pingo-doce/pingo-doce/bebida-vegetal-de-aveia-sabor-a-leite-pingo-doce-1l/,,pingo-doce,20241115_132750
ovos-de-codorniz-pingo-doce-12-un,Ovos de Codorniz Pingo Doce 12 un,"1,30€ / UN",https://www.pingodoce.pt/wp-content/uploads/products/thumbnail/469590-73676b2fab96566d4e8cb39d00c7514c.jpg,https://www.pingodoce.pt/produtos/marca-propria-pingo-doce/pingo-doce/ovos-de-codorniz-pingo-doce-12-un/,,pingo-doce,20241115_132750
natas-frescas-pingo-doce-200-ml,Natas Frescas Pingo Doce 200 ml,"1,34€ / UN",https://www.pingodoce.pt/wp-content/uploads/products/thumbnail/919803-ef2d76fa67ea7ded4e6b81df862916e3.jpg,https://www.pingodoce.pt/produtos/marca-propria-pingo-doce/pingo-doce/natas-frescas-pingo-doce-200-ml/,,pingo-doce,20241115_132750
iogurte-liquido-magro-morango-e-cereais-pingo-doce-4x170-g,Iogurte Líquido Magro Morango e Cereais Pingo Doce 4×170 g,"1,35€ / Pack",https://www.pingodoce.pt/wp-content/uploads/products/thumbnail/959356-744a43b9e52ed0e1b548c8d8d4eced94.jpg,https://www.pingodoce.pt/produtos/marca-propria-pingo-doce/pingo-doce/iogurte-liquido-magro-morango-e-cereais-pingo-doce-4x170-g/,,pingo-doce,20241115_132750
creme-vegetal-para-barrar-pingo-doce-500-g,Creme Vegetal para Barrar Pingo Doce 500 g,"1,35€ / UN",https://www.pingodoce.pt/wp-content/uploads/products/thumbnail/823761-a9cfabace70b0ceac43f17c9759a241f.jpg,https://www.pingodoce.pt/produtos/marca-propria-pingo-doce/pingo-doce/creme-vegetal-para-barrar-pingo-doce-500-g/,,pingo-doce,20241115_132750
iogurte-liquido-magro-tropical-pingo-doce-4x170-g,Iogurte Líquido Magro Tropical Pingo Doce 4×170 g,"1,35€ / Pack",https://www.pingodoce.pt/wp-content/uploads/products/thumbnail/837500001-4ac4090828b901cd14860960880d916a.jpg,https://www.pingodoce.pt/produtos/marca-propria-pingo-doce/pingo-doce/iogurte-liquido-magro-tropical-pingo-doce-4x170-g/,,pingo-doce,20241115_132750
iogurte-liquido-magro-morango-pingo-doce-4x170-g,Iogurte Líquido Magro Morango Pingo Doce 4×170 g,"1,35€ / Pack",https://www.pingodoce.pt/wp-content/uploads/products/thumbnail/837500002-90b90de39a8f7d04aef00c71aa05814b.jpg,https://www.pingodoce.pt/produtos/marca-propria-pingo-doce/pingo-doce/iogurte-liquido-magro-morango-pingo-doce-4x170-g/,,pingo-doce,20241115_132750
bebida-vegetal-de-aveia-e-amendoa-pingo-doce-1-l,Bebida Vegetal de Aveia e Amêndoa Pingo Doce 1 L,"1,35€ / UN",https://www.pingodoce.pt/wp-content/uploads/products/thumbnail/952930-a1b6720b4ecd4bdfc9780cf8cef53813.jpg,https://www.pingodoce.pt/produtos/marca-propria-pingo-doce/pingo-doce/bebida-vegetal-de-aveia-e-amendoa-pingo-doce-1-l/,,pingo-doce,20241115_132750
bebida-vegetal-de-amendoa-sem-acucar-pingo-doce-1-l,Bebida Vegetal de Amêndoa sem Açúcar Pingo Doce 1 L,"1,35€ / UN",https://www.pingodoce.pt/wp-content/uploads/products/thumbnail/969048-c885263494e156b7ae49652f95cd5117.jpg,https://www.pingodoce.pt/produtos/marca-propria-pingo-doce/pingo-doce/bebida-vegetal-de-amendoa-sem-acucar-pingo-doce-1-l/,,pingo-doce,20241115_132750
iogurte-liquido-magro-frutos-vermelhos-pingo-doce-4x170-g,Iogurte Líquido Magro Frutos Vermelhos Pingo Doce 4×170 g,"1,35€ / Pack",https://www.pingodoce.pt/wp-content/uploads/products/thumbnail/968248-207a6f33e85e0ef3b74d4a58d09c1557.jpg,https://www.pingodoce.pt/produtos/marca-propria-pingo-doce/pingo-doce/iogurte-liquido-magro-frutos-vermelhos-pingo-doce-4x170-g/,,pingo-doce,20241115_132750
iogurte-liquido-magro-morango-e-banana-pingo-doce-4x170-g,Iogurte Líquido Magro Morango e Banana Pingo Doce 4×170 g,"1,35€ / Pack",https://www.pingodoce.pt/wp-content/uploads/products/thumbnail/968254-f6a7f9c0fd0792719a51f3e2a48536f4.jpg,https://www.pingodoce.pt/produtos/marca-propria-pingo-doce/pingo-doce/iogurte-liquido-magro-morango-e-banana-pingo-doce-4x170-g/,,pingo-doce,20241115_132750
iogurte-liquido-magro-ananas-e-lima-pingo-doce-4x170-g,Iogurte Líquido Magro Ananás e Lima Pingo Doce 4×170 g,"1,35€ / Pack",https://www.pingodoce.pt/wp-content/uploads/products/thumbnail/968255-ca289af45da950c0f9378e5c20668b2a.jpg,https://www.pingodoce.pt/produtos/marca-propria-pingo-doce/pingo-doce/iogurte-liquido-magro-ananas-e-lima-pingo-doce-4x170-g/,,pingo-doce,20241115_132750
iogurte-liquido-morango-pingo-doce-4x170-g,Iogurte Líquido Morango Pingo Doce 4×170 g,"1,36€ / Pack",https://www.pingodoce.pt/wp-content/uploads/products/thumbnail/953091-1bab9f70449edd7ccdeeaaa4aac28eb8.jpg,https://www.pingodoce.pt/produtos/marca-propria-pingo-doce/pingo-doce/iogurte-liquido-morango-pingo-doce-4x170-g/,,pingo-doce,20241115_132750
iogurte-liquido-morango-e-banana-pingo-doce-4x170-g,Iogurte Líquido Morango e Banana Pingo Doce 4×170 g,"1,36€ / Pack",https://www.pingodoce.pt/wp-content/uploads/products/thumbnail/953141-67f917e05141fa927f528031b51c81f6.jpg,https://www.pingodoce.pt/produtos/marca-propria-pingo-doce/pingo-doce/iogurte-liquido-morango-e-banana-pingo-doce-4x170-g/,,pingo-doce,20241115_132750
iogurte-liquido-baunilha-pingo-doce-4x170-g,Iogurte Líquido Baunilha Pingo Doce 4×170 g,"1,36€ / Pack",https://www.pingodoce.pt/wp-content/uploads/products/thumbnail/953139-8d6d7b8bf4bb498f23ca38b8122c8a98.jpg,https://www.pingodoce.pt/produtos/marca-propria-pingo-doce/pingo-doce/iogurte-liquido-baunilha-pingo-doce-4x170-g/,,pingo-doce,20241115_132750
iogurte-liquido-frutos-vermelhos-pingo-doce-4x170-g,Iogurte Líquido Frutos Vermelhos Pingo Doce 4×170 g,"1,36€ / Pack",https://www.pingodoce.pt/wp-content/uploads/products/thumbnail/953140-5528a3984b2dca0cf7176cfbf3650d36.jpg,https://www.pingodoce.pt/produtos/marca-propria-pingo-doce/pingo-doce/iogurte-liquido-frutos-vermelhos-pingo-doce-4x170-g/,,pingo-doce,20241115_132750
iogurte-liquido-pessego-e-cenoura-pingo-doce-4x170-g,Iogurte Líquido Pêssego e Cenoura Pingo Doce 4×170 g,"1,36€ / Pack",https://www.pingodoce.pt/wp-content/uploads/products/thumbnail/953142-35ea4947b420645af36152b6dd42c182.jpg,https://www.pingodoce.pt/produtos/marca-propria-pingo-doce/pingo-doce/iogurte-liquido-pessego-e-cenoura-pingo-doce-4x170-g/,,pingo-doce,20241115_132750
iogurte-liquido-stracciatella-pingo-doce-4x170-g,Iogurte Líquido Stracciatella Pingo Doce 4×170 g,"1,36€ / Pack",https://www.pingodoce.pt/wp-content/uploads/products/thumbnail/863549-6b6b4cadb2b31be6a219a6645034ac1b.jpg,https://www.pingodoce.pt/produtos/marca-propria-pingo-doce/pingo-doce/iogurte-liquido-stracciatella-pingo-doce-4x170-g/,,pingo-doce,20241115_132750
iogurte-liquido-stracciatella-e-coco-pingo-doce-4x170-g,Iogurte Líquido Stracciatella e Coco Pingo Doce 4×170 g,"1,36€ / Pack",https://www.pingodoce.pt/wp-content/uploads/products/thumbnail/914132-4629416852c8c4842a779bd047848bc0.jpg,https://www.pingodoce.pt/produtos/marca-propria-pingo-doce/pingo-doce/iogurte-liquido-stracciatella-e-coco-pingo-doce-4x170-g/,,pingo-doce,20241115_132750
bebida-vegetal-de-aveia-com-cacau-pingo-doce-3x200ml,Bebida Vegetal de Aveia com Cacau Pingo Doce 3x200ml,"1,36€ / Pack",https://www.pingodoce.pt/wp-content/uploads/products/thumbnail/973184-68f64c542873e4df0ce8bc01b23d6b82.jpg,https://www.pingodoce.pt/produtos/marca-propria-pingo-doce/pingo-doce/bebida-vegetal-de-aveia-com-cacau-pingo-doce-3x200ml/,,pingo-doce,20241115_132750
iogurte-liquido-cafe-pingo-doce-4x170g,Iogurte Líquido Café Pingo Doce 4x170g,"1,36€ / Pack",https://www.pingodoce.pt/wp-content/uploads/products/thumbnail/977576-6ddfc0b9ee5b79f356387fc51440c2c0.jpg,https://www.pingodoce.pt/produtos/marca-propria-pingo-doce/pingo-doce/iogurte-liquido-cafe-pingo-doce-4x170g/,,pingo-doce,20241115_132750
iogurte-liquido-cookie-pingo-doce-4x170g,Iogurte Líquido Cookie Pingo Doce 4x170g,"1,36€ / Pack",https://www.pingodoce.pt/wp-content/uploads/products/thumbnail/977577-700ef806df7e92a9b27f63b2de1f4a73.jpg,https://www.pingodoce.pt/produtos/marca-propria-pingo-doce/pingo-doce/iogurte-liquido-cookie-pingo-doce-4x170g/,,pingo-doce,20241115_132750
iogurte-magro-com-pessego-e-frutos-secos-pingo-doce-2x150-g,Iogurte Magro com Pêssego e Frutos Secos Pingo Doce 2×150 g,"1,37€ / UN",https://www.pingodoce.pt/wp-content/uploads/products/thumbnail/965337-f4f56bf89ff6f219c84ca085a7309ab7.jpg,https://www.pingodoce.pt/produtos/marca-propria-pingo-doce/pingo-doce/iogurte-magro-com-pessego-e-frutos-secos-pingo-doce-2x150-g/,,pingo-doce,20241115_132750
iogurte-magro-com-ananas-e-frutos-secos-pingo-doce-2x150-g,Iogurte Magro com Ananás e Frutos Secos Pingo Doce 2×150 g,"1,37€ / UN",https://www.pingodoce.pt/wp-content/uploads/products/thumbnail/965338-77737622cb3112e59b0436dee7fd4025.jpg,https://www.pingodoce.pt/produtos/marca-propria-pingo-doce/pingo-doce/iogurte-magro-com-ananas-e-frutos-secos-pingo-doce-2x150-g/,,pingo-doce,20241115_132750
preparado-vegetal-a-base-de-coco-com-ananas-pingo-doce-2x120g,Preparado Vegetal à base de Coco com Ananás Pingo Doce 2x120g,"1,38€ / UN",https://www.pingodoce.pt/wp-content/uploads/products/thumbnail/975602-75c46bfbc2be7e347dd2b2300a69f68f.jpg,https://www.pingodoce.pt/produtos/marca-propria-pingo-doce/pingo-doce/preparado-vegetal-a-base-de-coco-com-ananas-pingo-doce-2x120g/,,pingo-doce,20241115_132750
iogurte-liquido-natural-acucarado-pingo-doce-750-g,Iogurte Líquido Natural Açucarado Pingo Doce 750 g,"1,39€ / UN",https://www.pingodoce.pt/wp-content/uploads/products/thumbnail/752919-ace40e8887866f6aec62eab1bbd6179c.jpg,https://www.pingodoce.pt/produtos/marca-propria-pingo-doce/pingo-doce/iogurte-liquido-natural-acucarado-pingo-doce-750-g/,,pingo-doce,20241115_132750
iogurte-liquido-morango-pingo-doce-750-g,Iogurte Líquido Morango Pingo Doce 750 g,"1,39€ / UN",https://www.pingodoce.pt/wp-content/uploads/products/thumbnail/752920-0a7e59e221432fad7862ca7d62d705c1.jpg,https://www.pingodoce.pt/produtos/marca-propria-pingo-doce/pingo-doce/iogurte-liquido-morango-pingo-doce-750-g/,,pingo-doce,20241115_132750
queijo-fresco-de-vaca-sem-lactose-pingo-doce-2x625-g,"Queijo Fresco de Vaca sem Lactose Pingo Doce 2×62,5 g","1,39€ / UN",https://www.pingodoce.pt/wp-content/uploads/products/thumbnail/878886-aba725ba7780b2769cc4e52b780c0631.jpg,https://www.pingodoce.pt/produtos/marca-propria-pingo-doce/pingo-doce/queijo-fresco-de-vaca-sem-lactose-pingo-doce-2x625-g/,,pingo-doce,20241115_132750
ovos-de-galinhas-criadas-no-solo-classe-m-pingo-doce-6-un,Ovos de Galinhas Criadas no Solo Classe M Pingo Doce 6 un,"1,39€ / UN",https://www.pingodoce.pt/wp-content/uploads/products/thumbnail/889027-65e32c5337a5ab909c7befb695d9e973.jpg,https://www.pingodoce.pt/produtos/marca-propria-pingo-doce/pingo-doce/ovos-de-galinhas-criadas-no-solo-classe-m-pingo-doce-6-un/,,pingo-doce,20241115_132750
iogurte-liquido-morango-e-banana-pingo-doce-750-g,Iogurte Líquido Morango e Banana Pingo Doce 750 g,"1,39€ / UN",https://www.pingodoce.pt/wp-content/uploads/products/thumbnail/960253-670f531fe79bd3ee0afd5ac6ccf790fb.jpg,https://www.pingodoce.pt/produtos/marca-propria-pingo-doce/pingo-doce/iogurte-liquido-morango-e-banana-pingo-doce-750-g/,,pingo-doce,20241115_132750
iogurte-natural-pingo-doce-8x125-g,Iogurte Natural Pingo Doce 8×125 g,"1,39€ / UN",https://www.pingodoce.pt/wp-content/uploads/products/thumbnail/969872-c984e9c4bc8f4a6c2eb24ca6add4b304.jpg,https://www.pingodoce.pt/produtos/marca-propria-pingo-doce/pingo-doce/iogurte-natural-pingo-doce-8x125-g/,,pingo-doce,20241115_132750
queijo-flamengo-ralado-pingo-doce-200-g,Queijo Flamengo Ralado Pingo Doce 200 g,"1,45€ / UN",https://www.pingodoce.pt/wp-content/uploads/products/thumbnail/773026-430051c59960f801449d3cbb0b12c929.jpg,https://www.pingodoce.pt/produtos/marca-propria-pingo-doce/pingo-doce/queijo-flamengo-ralado-pingo-doce-200-g/,,pingo-doce,20241115_132750
bifidus-cereais-pingo-doce-4x170-g,Bifidus Cereais Pingo Doce 4×170 g,"1,47€ / Pack",https://www.pingodoce.pt/wp-content/uploads/products/thumbnail/959298-8398430508d88af86c3c0d842a18afb7.jpg,https://www.pingodoce.pt/produtos/marca-propria-pingo-doce/pingo-doce/bifidus-cereais-pingo-doce-4x170-g/,,pingo-doce,20241115_132750
bifidus-kiwi-pingo-doce-4x170-g,Bifidus Kiwi Pingo Doce 4×170 g,"1,47€ / Pack",https://www.pingodoce.pt/wp-content/uploads/products/thumbnail/959321-3868bc5d6c243ceb8ed70d72a41eb568.jpg,https://www.pingodoce.pt/produtos/marca-propria-pingo-doce/pingo-doce/bifidus-kiwi-pingo-doce-4x170-g/,,pingo-doce,20241115_132750
bifidus-morango-pingo-doce-4x170-g,Bifidus Morango Pingo Doce 4×170 g,"1,47€ / Pack",https://www.pingodoce.pt/wp-content/uploads/products/thumbnail/959299-6cf534d1a6ce3d1a4917b308d445ee4e.jpg,https://www.pingodoce.pt/produtos/marca-propria-pingo-doce/pingo-doce/bifidus-morango-pingo-doce-4x170-g/,,pingo-doce,20241115_132750
preparado-vegetal-a-base-de-soja-com-mirtilo-pingo-doce-4x120-g,Preparado Vegetal à Base de Soja com Mirtilo Pingo Doce 4×120 g,"1,47€ / UN",https://www.pingodoce.pt/wp-content/uploads/products/thumbnail/958594-74ee3f7981327329f24cd6e98058de8b.jpg,https://www.pingodoce.pt/produtos/marca-propria-pingo-doce/pingo-doce/preparado-vegetal-a-base-de-soja-com-mirtilo-pingo-doce-4x120-g/,,pingo-doce,20241115_132750
queijo-flamengo-fatiado-sem-lactose-pingo-doce-150-g,Queijo Flamengo Fatiado sem Lactose Pingo Doce 150 g,"1,49€ / UN",https://www.pingodoce.pt/wp-content/uploads/products/thumbnail/758882-3457a482b18221141db70e4841ee0c8b.jpg,https://www.pingodoce.pt/produtos/marca-propria-pingo-doce/pingo-doce/queijo-flamengo-fatiado-sem-lactose-pingo-doce-150-g/,,pingo-doce,20241115_132750
iogurte-liquido-morango-sem-lactose-pingo-doce-4x170-g,Iogurte Líquido Morango sem Lactose Pingo Doce 4×170 g,"1,49€ / Pack",https://www.pingodoce.pt/wp-content/uploads/products/thumbnail/802047001-b63ff7a09f1b2bf68fba42a4662ec229.jpg,https://www.pingodoce.pt/produtos/marca-propria-pingo-doce/pingo-doce/iogurte-liquido-morango-sem-lactose-pingo-doce-4x170-g/,,pingo-doce,20241115_132750
iogurte-liquido-coco-sem-lactose-pingo-doce-4x170-g,Iogurte Líquido Coco sem Lactose Pingo Doce 4×170 g,"1,49€ / Pack",https://www.pingodoce.pt/wp-content/uploads/products/thumbnail/802047003-1351ee50734699e9dea847a6d830e8de.jpg,https://www.pingodoce.pt/produtos/marca-propria-pingo-doce/pingo-doce/iogurte-liquido-coco-sem-lactose-pingo-doce-4x170-g/,,pingo-doce,20241115_132750
queijo-cheddar-fatiado-pingo-doce-150-g,Queijo Cheddar Fatiado Pingo Doce 150 g,"1,49€ / UN",https://www.pingodoce.pt/wp-content/uploads/products/thumbnail/882552-ec26376d33b9690f5489a632cd1eb3f0.jpg,https://www.pingodoce.pt/produtos/marca-propria-pingo-doce/pingo-doce/queijo-cheddar-fatiado-pingo-doce-150-g/,,pingo-doce,20241115_132750
ovos-de-galinhas-criadas-no-solo-classe-l-pingo-doce-6-un,Ovos de Galinhas Criadas no Solo Classe L Pingo Doce 6 un,"1,49€ / UN",https://www.pingodoce.pt/wp-content/uploads/products/thumbnail/889025-8c72efe97606ce43f2e29a5bcd4b6bf5.jpg,https://www.pingodoce.pt/produtos/marca-propria-pingo-doce/pingo-doce/ovos-de-galinhas-criadas-no-solo-classe-l-pingo-doce-6-un/,,pingo-doce,20241115_132750
queijo-edam-fatiado-pingo-doce-200-g,Queijo Edam Fatiado Pingo Doce 200 g,"1,49€ / UN",https://www.pingodoce.pt/wp-content/uploads/products/thumbnail/926652-f6a16273466389f0f382804f01e6a91a.jpg,https://www.pingodoce.pt/produtos/marca-propria-pingo-doce/pingo-doce/queijo-edam-fatiado-pingo-doce-200-g/,,pingo-doce,20241115_132750
queijo-fresco-de-cabra-meio-gordo-pingo-doce-130-g,Queijo Fresco de Cabra Meio Gordo Pingo Doce 130 g,"1,55€ / UN",https://www.pingodoce.pt/wp-content/uploads/products/thumbnail/766458-4e91484fc7ad831fa9f5b1683d309a5c.jpg,https://www.pingodoce.pt/produtos/marca-propria-pingo-doce/pingo-doce/queijo-fresco-de-cabra-meio-gordo-pingo-doce-130-g/,,pingo-doce,20241115_132750
ovos-de-galinhas-criadas-ao-ar-livre-classe-m-l-pingo-doce-6-un,Ovos de Galinhas Criadas ao Ar Livre Classe M/L Pingo Doce 6 un,"1,59€ / UN",https://www.pingodoce.pt/wp-content/uploads/products/thumbnail/889024-262c485f5afd5b6c60f47a400e439007.jpg,https://www.pingodoce.pt/produtos/marca-propria-pingo-doce/pingo-doce/ovos-de-galinhas-criadas-ao-ar-livre-classe-m-l-pingo-doce-6-un/,,pingo-doce,20241115_132750
molho-bechamel-pingo-doce-500-ml,Molho Béchamel Pingo Doce 500 ml,"1,59€ / UN",https://www.pingodoce.pt/wp-content/uploads/products/thumbnail/555481-2b869847282af8486577aa277a1b7307.jpg,https://www.pingodoce.pt/produtos/marca-propria-pingo-doce/pingo-doce/molho-bechamel-pingo-doce-500-ml/,,pingo-doce,20241115_132750
queijo-mozzarella-ralado-pingo-doce-200-g,Queijo Mozzarella Ralado Pingo Doce 200 g,"1,59€ / UN",https://www.pingodoce.pt/wp-content/uploads/products/thumbnail/705591-94b2620b8d908a06342ae8530ffff3f2.jpg,https://www.pingodoce.pt/produtos/marca-propria-pingo-doce/pingo-doce/queijo-mozzarella-ralado-pingo-doce-200-g/,,pingo-doce,20241115_132750
queijo-brie-pingo-doce-200-g,Queijo Brie Pingo Doce 200 g,"1,59€ / UN",https://www.pingodoce.pt/wp-content/uploads/products/thumbnail/768261-7665201fc11e49aeebcae5459978246b.jpg,https://www.pingodoce.pt/produtos/marca-propria-pingo-doce/pingo-doce/queijo-brie-pingo-doce-200-g/,,pingo-doce,20241115_132750
bebida-vegetal-de-arroz-e-coco-pingo-doce-1-l,Bebida Vegetal de Arroz e Coco Pingo Doce 1 L,"1,59€ / UN",https://www.pingodoce.pt/wp-content/uploads/products/thumbnail/969434-0687586f024c12e9997cfb3fa1f179aa.jpg,https://www.pingodoce.pt/produtos/marca-propria-pingo-doce/pingo-doce/bebida-vegetal-de-arroz-e-coco-pingo-doce-1-l/,,pingo-doce,20241115_132750
iogurte-aromas-pingo-doce-8x125-g,Iogurte Aromas Pingo Doce 8×125 g,"1,59€ / UN",https://www.pingodoce.pt/wp-content/uploads/products/thumbnail/973795-1b1a1f3816740ded48d88bf57082f9f0.jpg,https://www.pingodoce.pt/produtos/marca-propria-pingo-doce/pingo-doce/iogurte-aromas-pingo-doce-8x125-g/,,pingo-doce,20241115_132750
queijo-gouda-fatiado-pingo-doce-200-g,Queijo Gouda Fatiado Pingo Doce 200 g,"1,64€ / UN",https://www.pingodoce.pt/wp-content/uploads/products/thumbnail/926653-344b008078f9a8d7a8168d6fe9640c97.jpg,https://www.pingodoce.pt/produtos/marca-propria-pingo-doce/pingo-doce/queijo-gouda-fatiado-pingo-doce-200-g/,,pingo-doce,20241115_132750
iogurte-grego-natural-acucarado-pingo-doce-4x125-g,Iogurte Grego Natural Açucarado Pingo Doce 4×125 g,"1,65€ / UN",https://www.pingodoce.pt/wp-content/uploads/products/thumbnail/753134-fa8758511205664bb0548ef97fc551f5.jpg,https://www.pingodoce.pt/produtos/marca-propria-pingo-doce/pingo-doce/iogurte-grego-natural-acucarado-pingo-doce-4x125-g/,,pingo-doce,20241115_132750
iogurte-grego-morango-pingo-doce-4x125-g,Iogurte Grego Morango Pingo Doce 4×125 g,"1,65€ / UN",https://www.pingodoce.pt/wp-content/uploads/products/thumbnail/766044-54706dc023678e233befe2460be344ad.jpg,https://www.pingodoce.pt/produtos/marca-propria-pingo-doce/pingo-doce/iogurte-grego-morango-pingo-doce-4x125-g/,,pingo-doce,20241115_132750
iogurte-grego-maracuja-pingo-doce-4x125-g,Iogurte Grego Maracujá Pingo Doce 4×125 g,"1,65€ / Pack",https://www.pingodoce.pt/wp-content/uploads/products/thumbnail/982297-1f413717cb99f587935c8ef6a403cf89.jpg,https://www.pingodoce.pt/produtos/marca-propria-pingo-doce/pingo-doce/iogurte-grego-maracuja-pingo-doce-4x125-g/,,pingo-doce,20241115_132750
queijo-fresco-mozzarella-de-bufala-pingo-doce-125-g,Queijo Fresco Mozzarella de Búfala Pingo Doce 125 g,"1,68€ / UN",https://www.pingodoce.pt/wp-content/uploads/products/thumbnail/763525-3b95d33550a11175e17ed038936d6771.jpg,https://www.pingodoce.pt/produtos/marca-propria-pingo-doce/pingo-doce/queijo-fresco-mozzarella-de-bufala-pingo-doce-125-g/,,pingo-doce,20241115_132750
queijo-fundido-fatiado-pingo-doce-300-g,Queijo Fundido Fatiado Pingo Doce 300 g,"1,68€ / UN",https://www.pingodoce.pt/wp-content/uploads/products/thumbnail/823583-688416f98b404084c364a5418d39123c.jpg,https://www.pingodoce.pt/produtos/marca-propria-pingo-doce/pingo-doce/queijo-fundido-fatiado-pingo-doce-300-g/,,pingo-doce,20241115_132750
iogurte-grego-stracciatella-pingo-doce-4x125-g,Iogurte Grego Stracciatella Pingo Doce 4×125 g,"1,68€ / UN",https://www.pingodoce.pt/wp-content/uploads/products/thumbnail/854871-3798133186407d54773b339cdb595ad6.jpg,https://www.pingodoce.pt/produtos/marca-propria-pingo-doce/pingo-doce/iogurte-grego-stracciatella-pingo-doce-4x125-g/,,pingo-doce,20241115_132750
iogurte-grego-caramelo-salgado-pingo-doce-4x125-g,Iogurte Grego Caramelo Salgado Pingo Doce 4×125 g,"1,68€ / UN",https://www.pingodoce.pt/wp-content/uploads/products/thumbnail/873365-99517cc0211b377ffd140bb4f394db49.jpg,https://www.pingodoce.pt/produtos/marca-propria-pingo-doce/pingo-doce/iogurte-grego-caramelo-salgado-pingo-doce-4x125-g/,,pingo-doce,20241115_132750
iogurte-grego-banana-e-stracciatella-pingo-doce-4x125-g,Iogurte Grego Banana e Stracciatella Pingo Doce 4×125 g,"1,68€ / UN",https://www.pingodoce.pt/wp-content/uploads/products/thumbnail/909547-a696bee95ebe542c36fde7b43bf007be.jpg,https://www.pingodoce.pt/produtos/marca-propria-pingo-doce/pingo-doce/iogurte-grego-banana-e-stracciatella-pingo-doce-4x125-g/,,pingo-doce,20241115_132750
iogurte-grego-0-natural-pingo-doce-4x125-g,Iogurte Grego 0% Natural Pingo Doce 4×125 g,"1,68€ / UN",https://www.pingodoce.pt/wp-content/uploads/products/thumbnail/938862-d33db26ec3c9b358c939b8ee89e7b3a7.jpg,https://www.pingodoce.pt/produtos/marca-propria-pingo-doce/pingo-doce/iogurte-grego-0-natural-pingo-doce-4x125-g/,,pingo-doce,20241115_132750
iogurte-grego-chocolate-e-coco-pingo-doce-4x125-g,Iogurte Grego Chocolate e Coco Pingo Doce 4×125 g,"1,68€ / UN",https://www.pingodoce.pt/wp-content/uploads/products/thumbnail/966597-3dd0e397db879b3ecea32ecac2c3da0f.jpg,https://www.pingodoce.pt/produtos/marca-propria-pingo-doce/pingo-doce/iogurte-grego-chocolate-e-coco-pingo-doce-4x125-g/,,pingo-doce,20241115_132750
creme-vegetal-sabor-a-manteiga-pingo-doce-500-g,Creme Vegetal Sabor a Manteiga Pingo Doce 500 g,"1,69€ / UN",https://www.pingodoce.pt/wp-content/uploads/products/thumbnail/850264-a7af131d1b4d9610e3dd31f08859d2de.jpg,https://www.pingodoce.pt/produtos/marca-propria-pingo-doce/pingo-doce/creme-vegetal-sabor-a-manteiga-pingo-doce-500-g/,,pingo-doce,20241115_132750
queijo-creme-sem-lactose-para-barrar-pingo-doce-200-g,Queijo Creme sem Lactose para Barrar Pingo Doce 200 g,"1,69€ / UN",https://www.pingodoce.pt/wp-content/uploads/products/thumbnail/860963-1dbfecd92e2f7c437a75825c451b781d.jpg,https://www.pingodoce.pt/produtos/marca-propria-pingo-doce/pingo-doce/queijo-creme-sem-lactose-para-barrar-pingo-doce-200-g/,,pingo-doce,20241115_132750
queijo-grego-para-saladas-pingo-doce-250g,Queijo Grego para Saladas Pingo Doce 250g,"1,69€ / UN",https://www.pingodoce.pt/wp-content/uploads/products/thumbnail/977363-10f6b47810ecd389ec675c2207def53f.jpg,https://www.pingodoce.pt/produtos/marca-propria-pingo-doce/pingo-doce/queijo-grego-para-saladas-pingo-doce-250g/,,pingo-doce,20241115_132750
queijo-emmental-ralado-pingo-doce-200-g,Queijo Emmental Ralado Pingo Doce 200 g,"1,73€ / UN",https://www.pingodoce.pt/wp-content/uploads/products/thumbnail/813715-e5264067913da48198e757feb0948e39.jpg,https://www.pingodoce.pt/produtos/marca-propria-pingo-doce/pingo-doce/queijo-emmental-ralado-pingo-doce-200-g/,,pingo-doce,20241115_132750
iogurte-grego-natural-pingo-doce-500-g,Iogurte Grego Natural Pingo Doce 500 g,"1,79€ / UN",https://www.pingodoce.pt/wp-content/uploads/products/thumbnail/741389-6843f994c6c34d0f5c1a3ef6aac7971e.jpg,https://www.pingodoce.pt/produtos/marca-propria-pingo-doce/pingo-doce/iogurte-grego-natural-pingo-doce-500-g/,,pingo-doce,20241115_132750
queijo-roquefort-dop-pingo-doce-100-g,Queijo Roquefort DOP Pingo Doce 100 g,"1,79€ / UN",https://www.pingodoce.pt/wp-content/uploads/products/thumbnail/836592-d8b3a20c8399f9029bbf8cecd7a8fa94.jpg,https://www.pingodoce.pt/produtos/marca-propria-pingo-doce/pingo-doce/queijo-roquefort-dop-pingo-doce-100-g/,,pingo-doce,20241115_132750
queijo-fresco-mozzarella-mini-pingo-doce-125-g,Queijo Fresco Mozzarella Mini Pingo Doce 125 g,"1,79€ / UN",https://www.pingodoce.pt/wp-content/uploads/products/thumbnail/854870-fd2e310c623271a025d0b250609b98c1.jpg,https://www.pingodoce.pt/produtos/marca-propria-pingo-doce/pingo-doce/queijo-fresco-mozzarella-mini-pingo-doce-125-g/,,pingo-doce,20241115_132750
queijo-flamengo-fatiado-pingo-doce-200-g,Queijo Flamengo Fatiado Pingo Doce 200 g,"1,79€ / UN",https://www.pingodoce.pt/wp-content/uploads/products/thumbnail/900685-027fcf43c10bccdd39186bd509e75ebc.jpg,https://www.pingodoce.pt/produtos/marca-propria-pingo-doce/pingo-doce/queijo-flamengo-fatiado-pingo-doce-200-g/,,pingo-doce,20241115_132750
queijo-4-queijos-ralado-pingo-doce-200-g,Queijo 4 Queijos Ralado Pingo Doce 200 g,"1,79€ / UN",https://www.pingodoce.pt/wp-content/uploads/products/thumbnail/930120-1f5c8823bb8f62f05afe25e3b788bf1c.jpg,https://www.pingodoce.pt/produtos/marca-propria-pingo-doce/pingo-doce/queijo-4-queijos-ralado-pingo-doce-200-g/,,pingo-doce,20241115_132750
iogurte-liquido-magro-maracuja-e-curcuma-pingo-doce-4x170-g,Iogurte Líquido Magro Maracujá e Curcuma Pingo Doce 4×170 g,"1,79€ / Pack",https://www.pingodoce.pt/wp-content/uploads/products/thumbnail/968246-3c0848b465e6edda754f002b377ed4ef.jpg,https://www.pingodoce.pt/produtos/marca-propria-pingo-doce/pingo-doce/iogurte-liquido-magro-maracuja-e-curcuma-pingo-doce-4x170-g/,,pingo-doce,20241115_132750
iogurte-liquido-magro-framboesa-e-piripiri-pingo-doce-4x170-g,Iogurte Líquido Magro Framboesa e Piripíri Pingo Doce 4×170 g,"1,79€ / Pack",https://www.pingodoce.pt/wp-content/uploads/products/thumbnail/968247-85abd84b2b967c0a4dfbfb22ac5f6057.jpg,https://www.pingodoce.pt/produtos/marca-propria-pingo-doce/pingo-doce/iogurte-liquido-magro-framboesa-e-piripiri-pingo-doce-4x170-g/,,pingo-doce,20241115_132750
queijo-mozzarella-fatiado-pingo-doce-200-g,Queijo Mozzarella Fatiado Pingo Doce 200 g,"1,84€ / UN",https://www.pingodoce.pt/wp-content/uploads/products/thumbnail/705592-5977a99c335a0dd8609d4effaff11f06.jpg,https://www.pingodoce.pt/produtos/marca-propria-pingo-doce/pingo-doce/queijo-mozzarella-fatiado-pingo-doce-200-g/,,pingo-doce,20241115_132750
iogurte-liquido-natural-inteiro-probiotico-pingo-doce-4x170-g,Iogurte Líquido Natural Inteiro Probiótico Pingo Doce 4×170 g,"1,87€ / Pack",https://www.pingodoce.pt/wp-content/uploads/products/thumbnail/923858-836787f4f1e459da1e3ea97e88be1567.jpg,https://www.pingodoce.pt/produtos/marca-propria-pingo-doce/pingo-doce/iogurte-liquido-natural-inteiro-probiotico-pingo-doce-4x170-g/,,pingo-doce,20241115_132750
manteiga-magra-pingo-doce-250-g,Manteiga Magra Pingo Doce 250 g,"1,89€ / UN",https://www.pingodoce.pt/wp-content/uploads/products/thumbnail/505142-8775bc8db84205e0acb505733e25901c.jpg,https://www.pingodoce.pt/produtos/marca-propria-pingo-doce/pingo-doce/manteiga-magra-pingo-doce-250-g/,,pingo-doce,20241115_132750
queijo-camembert-pingo-doce-250-g,Queijo Camembert Pingo Doce 250 g,"1,89€ / UN",https://www.pingodoce.pt/wp-content/uploads/products/thumbnail/768251-2e5a5e4b21828f5a4148ae0fd745d8be.jpg,https://www.pingodoce.pt/produtos/marca-propria-pingo-doce/pingo-doce/queijo-camembert-pingo-doce-250-g/,,pingo-doce,20241115_132750
requeijao-de-ovelha-e-cabra-pingo-doce-200-g,Requeijão de Ovelha e Cabra Pingo Doce 200 g,"1,96€ / UN",https://www.pingodoce.pt/wp-content/uploads/products/thumbnail/879867-487608431c562f74bc11a4fdcd8057a0.jpg,https://www.pingodoce.pt/produtos/marca-propria-pingo-doce/pingo-doce/requeijao-de-ovelha-e-cabra-pingo-doce-200-g/,,pingo-doce,20241115_132750
queijo-flamengo-fatia-redonda-pingo-doce-200-g,Queijo Flamengo Fatia Redonda Pingo Doce 200 g,"1,96€ / UN",https://www.pingodoce.pt/wp-content/uploads/products/thumbnail/884035-9838c9f2a6da03bfca37fa83a331ef71.jpg,https://www.pingodoce.pt/produtos/marca-propria-pingo-doce/pingo-doce/queijo-flamengo-fatia-redonda-pingo-doce-200-g/,,pingo-doce,20241115_132750
queijo-flamengo-light-fatiado-pingo-doce-200g,Queijo Flamengo Light Fatiado Pingo Doce 200g,"1,96€ / UN",https://www.pingodoce.pt/wp-content/uploads/products/thumbnail/977364-d83323af6baacef08331c7bb7cba3d7b.jpg,https://www.pingodoce.pt/produtos/marca-propria-pingo-doce/pingo-doce/queijo-flamengo-light-fatiado-pingo-doce-200g/,,pingo-doce,20241115_132750
manteiga-dos-acores-com-sal-pingo-doce-250-g,Manteiga dos Açores com Sal Pingo Doce 250 g,"1,98€ / UN",https://www.pingodoce.pt/wp-content/uploads/products/thumbnail/487287-a9de941d17b709653adcf260af9db346.jpg,https://www.pingodoce.pt/produtos/marca-propria-pingo-doce/pingo-doce/manteiga-dos-acores-com-sal-pingo-doce-250-g/,,pingo-doce,20241115_132750
manteiga-dos-acores-com-sal-pingo-doce-250-g-2,Manteiga dos Açores com Sal Pingo Doce 250 g,"1,98€ / UN",https://www.pingodoce.pt/wp-content/uploads/products/thumbnail/833012-b71df7a0eb5d4c70f4c20c3f288fd97d.jpg,https://www.pingodoce.pt/produtos/marca-propria-pingo-doce/pingo-doce/manteiga-dos-acores-com-sal-pingo-doce-250-g-2/,,pingo-doce,20241115_132750
queijo-mascarpone-pingo-doce-250-g,Queijo Mascarpone Pingo Doce 250 g,"1,99€ / UN",https://www.pingodoce.pt/wp-content/uploads/products/thumbnail/843097-14173de2697ac069608157b2de21d8ee.jpg,https://www.pingodoce.pt/produtos/marca-propria-pingo-doce/pingo-doce/queijo-mascarpone-pingo-doce-250-g/,,pingo-doce,20241115_132750
iogurte-liquido-magro-morango-e-cereais-sem-lactose-pingo-doce-4x170-g,Iogurte Líquido Magro Morango e Cereais sem Lactose Pingo Doce 4×170 g,"1,99€ / Pack",https://www.pingodoce.pt/wp-content/uploads/products/thumbnail/880284002-00be2f09d962a1b038fd65ee192bc7f8.jpg,https://www.pingodoce.pt/produtos/marca-propria-pingo-doce/pingo-doce/iogurte-liquido-magro-morango-e-cereais-sem-lactose-pingo-doce-4x170-g/,,pingo-doce,20241115_132750
manteiga-com-sal-pingo-doce-250-g,Manteiga com Sal Pingo Doce 250 g,"1,99€ / UN",https://www.pingodoce.pt/wp-content/uploads/products/thumbnail/893201-514a4cffaf9ceb9956c0212b77cccd5d.jpg,https://www.pingodoce.pt/produtos/marca-propria-pingo-doce/pingo-doce/manteiga-com-sal-pingo-doce-250-g/,,pingo-doce,20241115_132750
manteiga-sem-sal-pingo-doce-250-g,Manteiga sem Sal Pingo Doce 250 g,"1,99€ / UN",https://www.pingodoce.pt/wp-content/uploads/products/thumbnail/964874-caaed49150a9207ed6b653a631d03218.jpg,https://www.pingodoce.pt/produtos/marca-propria-pingo-doce/pingo-doce/manteiga-sem-sal-pingo-doce-250-g/,,pingo-doce,20241115_132750
iogurte-liquido-magro-tropical-sem-lactose-pingo-doce-4x170-g,Iogurte Líquido Magro Tropical sem Lactose Pingo Doce 4×170 g,"1,99€ / Pack",https://www.pingodoce.pt/wp-content/uploads/products/thumbnail/971481-6c91db78a29e705e11af1217c4128627.jpg,https://www.pingodoce.pt/produtos/marca-propria-pingo-doce/pingo-doce/iogurte-liquido-magro-tropical-sem-lactose-pingo-doce-4x170-g/,,pingo-doce,20241115_132750
queijo-fresco-de-cabra-pingo-doce-2x625-g,"Queijo Fresco de Cabra Pingo Doce 2×62,5 g","1,99€ / UN",https://www.pingodoce.pt/wp-content/uploads/products/thumbnail/980587-db754c9bb849e8e9f2079a06513a4ef8.jpg,https://www.pingodoce.pt/produtos/marca-propria-pingo-doce/pingo-doce/queijo-fresco-de-cabra-pingo-doce-2x625-g/,,pingo-doce,20241115_132750
requeijao-de-ovelha-de-seia-pingo-doce-260-g,Requeijão de Ovelha de Seia Pingo Doce 260 g,"2,07€ / UN",https://www.pingodoce.pt/wp-content/uploads/products/thumbnail/826924-2ae03246ef1a8b0af95bf7145d839abd.jpg,https://www.pingodoce.pt/produtos/marca-propria-pingo-doce/pingo-doce/requeijao-de-ovelha-de-seia-pingo-doce-260-g/,,pingo-doce,20241115_132750
ovos-de-galinhas-criadas-no-solo-classe-xl-pingo-doce-6-un,Ovos de Galinhas Criadas no Solo Classe XL Pingo Doce 6 un,"2,09€ / UN",https://www.pingodoce.pt/wp-content/uploads/products/thumbnail/889029-6447a302830129878a531b1431394e66.jpg,https://www.pingodoce.pt/produtos/marca-propria-pingo-doce/pingo-doce/ovos-de-galinhas-criadas-no-solo-classe-xl-pingo-doce-6-un/,,pingo-doce,20241115_132750
manteiga-sem-lactose-pingo-doce-250-g,Manteiga sem Lactose Pingo Doce 250 g,"2,09€ / UN",https://www.pingodoce.pt/wp-content/uploads/products/thumbnail/909338-d0a205bd6d9c644f7d5bc6a7e6047c92.jpg,https://www.pingodoce.pt/produtos/marca-propria-pingo-doce/pingo-doce/manteiga-sem-lactose-pingo-doce-250-g/,,pingo-doce,20241115_132750
queijo-da-ilha-ralado-pingo-doce-200-g,Queijo da Ilha Ralado Pingo Doce 200 g,"2,10€ / UN",https://www.pingodoce.pt/wp-content/uploads/products/thumbnail/756484-ca948e68935b8c01513962e1ca4e06d2.jpg,https://www.pingodoce.pt/produtos/marca-propria-pingo-doce/pingo-doce/queijo-da-ilha-ralado-pingo-doce-200-g/,,pingo-doce,20241115_132750
queijo-de-cabra-fatiado-pingo-doce-150-g,Queijo de Cabra Fatiado Pingo Doce 150 g,"2,19€ / UN",https://www.pingodoce.pt/wp-content/uploads/products/thumbnail/833031-2471bec4e1803f4b30934fa100f78bbb.jpg,https://www.pingodoce.pt/produtos/marca-propria-pingo-doce/pingo-doce/queijo-de-cabra-fatiado-pingo-doce-150-g/,,pingo-doce,20241115_132750
queijo-chevre-pingo-doce-180-g,Queijo Chèvre Pingo Doce 180 g,"2,19€ / UN",https://www.pingodoce.pt/wp-content/uploads/products/thumbnail/943366-4ed8358daf26e0cbe319979b924281ba.jpg,https://www.pingodoce.pt/produtos/marca-propria-pingo-doce/pingo-doce/queijo-chevre-pingo-doce-180-g/,,pingo-doce,20241115_132750
queijo-da-ilha-fatiado-pingo-doce-200g,Queijo da Ilha Fatiado Pingo Doce 200g,"2,19€ / UN",https://www.pingodoce.pt/wp-content/uploads/products/thumbnail/977365-964aa5e7760f60f7cfe3dba7819afcda.jpg,https://www.pingodoce.pt/produtos/marca-propria-pingo-doce/pingo-doce/queijo-da-ilha-fatiado-pingo-doce-200g/,,pingo-doce,20241115_132750
iogurte-cremoso-de-pessego-e-maracuja-pingo-doce-1kg,Iogurte Cremoso de Pêssego e Maracujá Pingo Doce 1kg,"2,19€ / UN",https://www.pingodoce.pt/wp-content/uploads/products/thumbnail/977630-81d732153741c28c8d5864272a868511.jpg,https://www.pingodoce.pt/produtos/marca-propria-pingo-doce/pingo-doce/iogurte-cremoso-de-pessego-e-maracuja-pingo-doce-1kg/,,pingo-doce,20241115_132750
iogurte-cremoso-de-morango-pingo-doce-1kg,Iogurte Cremoso de Morango Pingo Doce 1kg,"2,19€ / UN",https://www.pingodoce.pt/wp-content/uploads/products/thumbnail/977632-06d49c6a491e8c0ebb945d48c496fe8d.jpg,https://www.pingodoce.pt/produtos/marca-propria-pingo-doce/pingo-doce/iogurte-cremoso-de-morango-pingo-doce-1kg/,,pingo-doce,20241115_132750
queijo-fundido-light-16-porcoes-pingo-doce-250-g,Queijo Fundido Light 16 Porções Pingo Doce 250 g,"2,29€ / UN",https://www.pingodoce.pt/wp-content/uploads/products/thumbnail/905608-56ae70a4459cc133757aa8135f3e4545.jpg,https://www.pingodoce.pt/produtos/marca-propria-pingo-doce/pingo-doce/queijo-fundido-light-16-porcoes-pingo-doce-250-g/,,pingo-doce,20241115_132750
iogurte-grego-natural-pingo-doce-1kg,Iogurte Grego Natural Pingo Doce 1kg,"2,29€ / UN",https://www.pingodoce.pt/wp-content/uploads/products/thumbnail/940497-69f4879e4a9b8d7a26aaafd16c78bdd3.jpg,https://www.pingodoce.pt/produtos/marca-propria-pingo-doce/pingo-doce/iogurte-grego-natural-pingo-doce-1kg/,,pingo-doce,20241115_132750
iogurte-grego-ligeiro-pingo-doce-1-kg,Iogurte Grego Ligeiro Pingo Doce 1 kg,"2,29€ / UN",https://www.pingodoce.pt/wp-content/uploads/products/thumbnail/967308-c193a2a234649d13f98919659ec5b8d9.jpg,https://www.pingodoce.pt/produtos/marca-propria-pingo-doce/pingo-doce/iogurte-grego-ligeiro-pingo-doce-1-kg/,,pingo-doce,20241115_132750
ovos-de-galinhas-criadas-no-solo-classe-m-pingo-doce-12-un,Ovos de Galinhas Criadas no Solo Classe M Pingo Doce 12 un,"2,39€ / UN",https://www.pingodoce.pt/wp-content/uploads/products/thumbnail/889028-931950da76ea967363418ddb7dc8ec1e.jpg,https://www.pingodoce.pt/produtos/marca-propria-pingo-doce/pingo-doce/ovos-de-galinhas-criadas-no-solo-classe-m-pingo-doce-12-un/,,pingo-doce,20241115_132750
queijo-de-mistura-regional-pingo-doce-1-un,Queijo de Mistura Regional Pingo Doce 1 un,"2,49€ / UN",https://www.pingodoce.pt/wp-content/uploads/products/thumbnail/690332-bfaab1ec49eeef286a962fd5daec625c.jpg,https://www.pingodoce.pt/produtos/marca-propria-pingo-doce/pingo-doce/queijo-de-mistura-regional-pingo-doce-1-un/,,pingo-doce,20241115_132750
queijo-fresco-de-vaca-light-pingo-doce-4x625-g,"Queijo Fresco de Vaca Light Pingo Doce 4×62,5 g","2,49€ / UN",https://www.pingodoce.pt/wp-content/uploads/products/thumbnail/852626-4852f4924cb40ae57c7b9b16e68535d0.jpg,https://www.pingodoce.pt/produtos/marca-propria-pingo-doce/pingo-doce/queijo-fresco-de-vaca-light-pingo-doce-4x625-g/,,pingo-doce,20241115_132750
queijo-fresco-de-vaca-meio-gordo-pingo-doce-4x625-g,"Queijo Fresco de Vaca Meio Gordo Pingo Doce 4×62,5 g","2,49€ / UN",https://www.pingodoce.pt/wp-content/uploads/products/thumbnail/852627-386220db04228f81715208e433e16895.jpg,https://www.pingodoce.pt/produtos/marca-propria-pingo-doce/pingo-doce/queijo-fresco-de-vaca-meio-gordo-pingo-doce-4x625-g/,,pingo-doce,20241115_132750
creme-vegetal-para-culinaria-pingo-doce-1kg,Creme Vegetal para Culinária Pingo Doce 1kg,"2,49€ / UN",https://www.pingodoce.pt/wp-content/uploads/products/thumbnail/973818-ea06a2aea9df6335729290f497476fe0.jpg,https://www.pingodoce.pt/produtos/marca-propria-pingo-doce/pingo-doce/creme-vegetal-para-culinaria-pingo-doce-1kg/,,pingo-doce,20241115_132750
ovos-de-galinhas-criadas-no-solo-classe-l-pingo-doce-12-un,Ovos de Galinhas Criadas no Solo Classe L Pingo Doce 12 un,"2,59€ / UN",https://www.pingodoce.pt/wp-content/uploads/products/thumbnail/889026-fca57d72bb9573ba02a10828755b6d92.jpg,https://www.pingodoce.pt/produtos/marca-propria-pingo-doce/pingo-doce/ovos-de-galinhas-criadas-no-solo-classe-l-pingo-doce-12-un/,,pingo-doce,20241115_132750
queijo-para-barrar-com-trufas-pingo-doce-125-g,Queijo para Barrar com Trufas Pingo Doce 125 g,"2,79€ / UN",https://www.pingodoce.pt/wp-content/uploads/products/thumbnail/979922-c52b2bea2a7cd9b69b1ad9b3f772dd27.jpg,https://www.pingodoce.pt/produtos/marca-propria-pingo-doce/pingo-doce/queijo-para-barrar-com-trufas-pingo-doce-125-g/,,pingo-doce,20241115_132750
queijo-grana-padano-dop-16m-pingo-doce-180-g,Queijo Grana Padano DOP 16M Pingo Doce 180 g,"2,99€ / UN",https://www.pingodoce.pt/wp-content/uploads/products/thumbnail/836955-0f2d7a26cd8025e14e9e68075dea3fe3.jpg,https://www.pingodoce.pt/produtos/marca-propria-pingo-doce/pingo-doce/queijo-grana-padano-dop-16m-pingo-doce-180-g/,,pingo-doce,20241115_132750
queijo-flamengo-fatiado-pingo-doce-400-g,Queijo Flamengo Fatiado Pingo Doce 400 g,"3,29€ / UN",https://www.pingodoce.pt/wp-content/uploads/products/thumbnail/844310-1b1f2f14b69417f3d5c020dc06da2815.jpg,https://www.pingodoce.pt/produtos/marca-propria-pingo-doce/pingo-doce/queijo-flamengo-fatiado-pingo-doce-400-g/,,pingo-doce,20241115_132750
queijo-de-ovelha-alto-alentejo-pingo-doce-1-un,Queijo de Ovelha Alto Alentejo Pingo Doce 1 un,"3,98€ / UN",https://www.pingodoce.pt/wp-content/uploads/products/thumbnail/961864-393052be513c0304bd39a8c2744ffe57.jpg,https://www.pingodoce.pt/produtos/marca-propria-pingo-doce/pingo-doce/queijo-de-ovelha-alto-alentejo-pingo-doce-1-un/,,pingo-doce,20241115_132750
queijo-curado-de-cabra-beira-alta-pingo-doce-1-un,Queijo Curado de Cabra Beira Alta Pingo Doce 1 un,"4,19€ / UN",https://www.pingodoce.pt/wp-content/uploads/products/thumbnail/874811-5c6c8df7108d633a5716868de63b8c98.jpg,https://www.pingodoce.pt/produtos/marca-propria-pingo-doce/pingo-doce/queijo-curado-de-cabra-beira-alta-pingo-doce-1-un/,,pingo-doce,20241115_132750
queijo-de-cabra-curado-pingo-doce-2x100-g,Queijo de Cabra Curado Pingo Doce 2×100 g,"4,23€ / UN",https://www.pingodoce.pt/wp-content/uploads/products/thumbnail/671242-a66d2daf95a829e128b4675b7e67846e.jpg,https://www.pingodoce.pt/produtos/marca-propria-pingo-doce/pingo-doce/queijo-de-cabra-curado-pingo-doce-2x100-g/,,pingo-doce,20241115_132750
queijo-curado-ilha-pingo-doce-400-g,Queijo Curado Ilha Pingo Doce 400 g,"4,59€ / UN",https://www.pingodoce.pt/wp-content/uploads/products/thumbnail/862063-f19f8674aea984252afad977dc94626d.jpg,https://www.pingodoce.pt/produtos/marca-propria-pingo-doce/pingo-doce/queijo-curado-ilha-pingo-doce-400-g/,,pingo-doce,20241115_132750
queijo-picante-da-beira-baixa-dop-pingo-doce-1-un,Queijo Picante da Beira Baixa DOP Pingo Doce 1 un,"4,65€ / UN",https://www.pingodoce.pt/wp-content/uploads/products/thumbnail/874837-af2bcc6717f1fa2fca55f18f7b084b60.jpg,https://www.pingodoce.pt/produtos/marca-propria-pingo-doce/pingo-doce/queijo-picante-da-beira-baixa-dop-pingo-doce-1-un/,,pingo-doce,20241115_132750
queijo-de-prato-amanteigado-pingo-doce-1-un,Queijo de Prato Amanteigado Pingo Doce 1 un,"4,79€ / UN",https://www.pingodoce.pt/wp-content/uploads/products/thumbnail/803996-9f04a3d53ccd873d7caa598f15c79f44.jpg,https://www.pingodoce.pt/produtos/marca-propria-pingo-doce/pingo-doce/queijo-de-prato-amanteigado-pingo-doce-1-un/,,pingo-doce,20241115_132750
queijo-de-prato-meio-gordo-pingo-doce-1-un,Queijo de Prato Meio Gordo Pingo Doce 1 un,"4,79€ / UN",https://www.pingodoce.pt/wp-content/uploads/products/thumbnail/804027-b2dc59f2d441c804ed5d8003878b72a0.jpg,https://www.pingodoce.pt/produtos/marca-propria-pingo-doce/pingo-doce/queijo-de-prato-meio-gordo-pingo-doce-1-un/,,pingo-doce,20241115_132750
queijo-manchego-dop-6m-de-cura-pingo-doce-250-g,Queijo Manchego DOP 6M de Cura Pingo Doce 250 g,"5,07€ / UN",https://www.pingodoce.pt/wp-content/uploads/products/thumbnail/819535-571498e6b6ce697bd65ed2838f94f081.jpg,https://www.pingodoce.pt/produtos/marca-propria-pingo-doce/pingo-doce/queijo-manchego-dop-6m-de-cura-pingo-doce-250-g/,,pingo-doce,20241115_132750
queijo-de-vaca-curado-barrado-com-pimentao-pingo-doce-1-un,Queijo de Vaca Curado Barrado com Pimentão Pingo Doce 1 un,"5,28€ / UN",https://www.pingodoce.pt/wp-content/uploads/products/thumbnail/917618-24466d5fc93c196010280c79b314c073.jpg,https://www.pingodoce.pt/produtos/marca-propria-pingo-doce/pingo-doce/queijo-de-vaca-curado-barrado-com-pimentao-pingo-doce-1-un/,,pingo-doce,20241115_132750
queijo-de-ovelha-amanteigado-serra-da-arrabida-pingo-doce-1-un,Queijo de Ovelha Amanteigado Serra da Arrábida Pingo Doce 1 un,"5,29€ / UN",https://www.pingodoce.pt/wp-content/uploads/products/thumbnail/766266-120efc9f8d90d74d1f8aa6678ab9ddb2.jpg,https://www.pingodoce.pt/produtos/marca-propria-pingo-doce/pingo-doce/queijo-de-ovelha-amanteigado-serra-da-arrabida-pingo-doce-1-un/,,pingo-doce,20241115_132750
queijo-de-mistura-curado-pingo-doce-1-un,Queijo de Mistura Curado Pingo Doce 1 un,"5,68€ / UN",https://www.pingodoce.pt/wp-content/uploads/products/thumbnail/875256-419700cde05bf3a7768ebeac53496d41.jpg,https://www.pingodoce.pt/produtos/marca-propria-pingo-doce/pingo-doce/queijo-de-mistura-curado-pingo-doce-1-un/,,pingo-doce,20241115_132750
queijo-de-ovelha-amanteigado-de-seia-pingo-doce-300-g,Queijo de Ovelha Amanteigado de Seia Pingo Doce 300 g,"5,99€ / UN",https://www.pingodoce.pt/wp-content/uploads/products/thumbnail/957114-576f30e8480d9f193d595e3a30b12bb1.jpg,https://www.pingodoce.pt/produtos/marca-propria-pingo-doce/pingo-doce/queijo-de-ovelha-amanteigado-de-seia-pingo-doce-300-g/,,pingo-doce,20241115_132750
queijo-de-cabra-curado-serra-da-gardunha-pingo-doce-1-un,Queijo de Cabra Curado Serra da Gardunha Pingo Doce 1 un,"6,34€ / UN",https://www.pingodoce.pt/wp-content/uploads/products/thumbnail/697768-a8535c2aa1878455cd001d874139dddd.jpg,https://www.pingodoce.pt/produtos/marca-propria-pingo-doce/pingo-doce/queijo-de-cabra-curado-serra-da-gardunha-pingo-doce-1-un/,,pingo-doce,20241115_132750
queijo-de-azeitao-dop-pingo-doce-un,Queijo de Azeitão DOP Pingo Doce un,"6,89€ / UN",https://www.pingodoce.pt/wp-content/uploads/products/thumbnail/856640-31778dcd1856d9d0787dedf2702b7e06.jpg,https://www.pingodoce.pt/produtos/marca-propria-pingo-doce/pingo-doce/queijo-de-azeitao-dop-pingo-doce-un/,,pingo-doce,20241115_132750
queijo-de-serpa-dop-iguarias-pingo-doce-1-un,Queijo de Serpa DOP Iguarias Pingo Doce 1 un,"6,99€ / UN",https://www.pingodoce.pt/wp-content/uploads/products/thumbnail/900160-67491d637b35b9d7141f3aa10bea6efd.jpg,https://www.pingodoce.pt/produtos/marca-propria-pingo-doce/pingo-doce/queijo-de-serpa-dop-iguarias-pingo-doce-1-un/,,pingo-doce,20241115_132750
queijo-flamengo-bola-pingo-doce-kg,Queijo Flamengo Bola Pingo Doce kg,"7,73€ / KG",https://www.pingodoce.pt/wp-content/uploads/products/thumbnail/353195-c391da2f60c1d2989fdf7e509fe82dae.jpg,https://www.pingodoce.pt/produtos/marca-propria-pingo-doce/pingo-doce/queijo-flamengo-bola-pingo-doce-kg/,,pingo-doce,20241115_132750
queijo-flamengo-1-4-pingo-doce-1-un,Queijo Flamengo 1/4 Pingo Doce 1 un,"7,73€ / KG",https://www.pingodoce.pt/wp-content/uploads/products/thumbnail/358372-bd88a440acc83fe037813fd8e859e801.jpg,https://www.pingodoce.pt/produtos/marca-propria-pingo-doce/pingo-doce/queijo-flamengo-1-4-pingo-doce-1-un/,,pingo-doce,20241115_132750
queijo-flamengo-barra-pingo-doce-kg,Queijo Flamengo Barra Pingo Doce kg,"7,99€ / KG",https://www.pingodoce.pt/wp-content/uploads/products/thumbnail/556185-551efd2e0f3c2b66bedf75920fc101a0.jpg,https://www.pingodoce.pt/produtos/marca-propria-pingo-doce/pingo-doce/queijo-flamengo-barra-pingo-doce-kg/,,pingo-doce,20241115_132750
queijo-da-beira-baixa-dop-amarelo-pingo-doce-1-un,Queijo da Beira Baixa DOP Amarelo Pingo Doce 1 un,"8,26€ / UN",https://www.pingodoce.pt/wp-content/uploads/products/thumbnail/874836-4589480ee49739fa2046fff8f54dfdae.jpg,https://www.pingodoce.pt/produtos/marca-propria-pingo-doce/pingo-doce/queijo-da-beira-baixa-dop-amarelo-pingo-doce-1-un/,,pingo-doce,20241115_132750
queijo-da-beira-baixa-dop-pingo-doce-1-un,Queijo da Beira Baixa DOP Pingo Doce 1 un,"9,53€ / UN",https://www.pingodoce.pt/wp-content/uploads/products/thumbnail/920925-9b2d36a953b049b37d544cf24baf9c61.jpg,https://www.pingodoce.pt/produtos/marca-propria-pingo-doce/pingo-doce/queijo-da-beira-baixa-dop-pingo-doce-1-un/,,pingo-doce,20241115_132750
queijo-serra-da-estrela-dop-pingo-doce-1-un,Queijo Serra da Estrela DOP Pingo Doce 1 un,"14,38€ / UN",https://www.pingodoce.pt/wp-content/uploads/products/thumbnail/874835-57110baad5e2ef297fe92ce5daec9e3d.jpg,https://www.pingodoce.pt/produtos/marca-propria-pingo-doce/pingo-doce/queijo-serra-da-estrela-dop-pingo-doce-1-un/,,pingo-doce,20241115_132750
queijo-de-ovelha-amanteigado-de-seia-pequeno-pingo-doce-kg,Queijo de Ovelha Amanteigado de Seia Pequeno Pingo Doce kg,"17,99€ / KG",https://www.pingodoce.pt/wp-content/uploads/products/thumbnail/56168-54565b19c4ffe0ff61404a82af6835d1.jpg,https://www.pingodoce.pt/produtos/marca-propria-pingo-doce/pingo-doce/queijo-de-ovelha-amanteigado-de-seia-pequeno-pingo-doce-kg/,,pingo-doce,20241115_132750
queijo-de-ovelha-amanteigado-de-seia-grande-pingo-doce-kg,Queijo de Ovelha Amanteigado de Seia Grande Pingo Doce kg,"17,99€ / KG",https://www.pingodoce.pt/wp-content/uploads/products/thumbnail/56170-e2dfab07b681e134ad465534d702ef75.jpg,https://www.pingodoce.pt/produtos/marca-propria-pingo-doce/pingo-doce/queijo-de-ovelha-amanteigado-de-seia-grande-pingo-doce-kg/,,pingo-doce,20241115_132750
queijo-de-ovelha-curado-barrado-seco-pingo-doce-kg,Queijo de Ovelha Curado Barrado Seco Pingo Doce kg,"19,71€ / KG",https://www.pingodoce.pt/wp-content/uploads/products/thumbnail/326354-000c325b8958c98a98845cbb840db04c.jpg,https://www.pingodoce.pt/produtos/marca-propria-pingo-doce/pingo-doce/queijo-de-ovelha-curado-barrado-seco-pingo-doce-kg/,,pingo-doce,20241115_132750
