product_id,product_name,product_price,product_image,product_url,product_rating,source,timestamp
agua-pingo-doce-33-cl,Água Pingo Doce 33 cl,"0,15€ / UN",https://www.pingodoce.pt/wp-content/uploads/products/thumbnail/699568-3e150e265ac516ff76c6c36447dd7c0b.jpg,https://www.pingodoce.pt/produtos/marca-propria-pingo-doce/pingo-doce/agua-pingo-doce-33-cl/,,pingo-doce,20241114_165832
agua-pingo-doce-50-cl,Água Pingo Doce 50 cl,"0,17€ / UN",https://www.pingodoce.pt/wp-content/uploads/products/thumbnail/699569-044f3e35267d0e23e29cddac52f95fb1.jpg,https://www.pingodoce.pt/produtos/marca-propria-pingo-doce/pingo-doce/agua-pingo-doce-50-cl/,,pingo-doce,20241114_165832
iced-tea-pessego-pingo-doce-6x20-cl,Iced Tea Pêssego Pingo Doce 6×20 cl,"0,20€ / UN",https://www.pingodoce.pt/wp-content/uploads/products/thumbnail/739157-77f8742ec1b9be2f50f9c38792d36859.jpg,https://www.pingodoce.pt/produtos/marca-propria-pingo-doce/pingo-doce/iced-tea-pessego-pingo-doce-6x20-cl/,,pingo-doce,20241114_165832
agua-com-gas-pingo-doce-25-cl,Água com Gás Pingo Doce 25 cl,"0,23€ / UN",https://www.pingodoce.pt/wp-content/uploads/products/thumbnail/738612-41fbceafd9fdd1e782c9c82e9058308c.jpg,https://www.pingodoce.pt/produtos/marca-propria-pingo-doce/pingo-doce/agua-com-gas-pingo-doce-25-cl/,,pingo-doce,20241114_165832
nectar-de-8-frutos-pingo-doce-20-cl,Néctar de 8 Frutos Pingo Doce 20 cl,"0,26€ / UN",https://www.pingodoce.pt/wp-content/uploads/products/thumbnail/920482-1017bc5e2038ed4379072fb83161b65f.jpg,https://www.pingodoce.pt/produtos/marca-propria-pingo-doce/pingo-doce/nectar-de-8-frutos-pingo-doce-20-cl/,,pingo-doce,20241114_165832
sumo-100-maca-pingo-doce-20-cl,Sumo 100% Maçã Pingo Doce 20 cl,"0,28€ / UN",https://www.pingodoce.pt/wp-content/uploads/products/thumbnail/596158-0ab7843b3b2dbcc5d173d24851f57e94.jpg,https://www.pingodoce.pt/produtos/marca-propria-pingo-doce/pingo-doce/sumo-100-maca-pingo-doce-20-cl/,,pingo-doce,20241114_165832
agua-pingo-doce-15-l,"Água Pingo Doce 1,5 L","0,28€ / UN",https://www.pingodoce.pt/wp-content/uploads/products/thumbnail/598441-751c45682f7e07b1a62527ffaded6e79.jpg,https://www.pingodoce.pt/produtos/marca-propria-pingo-doce/pingo-doce/agua-pingo-doce-15-l/,,pingo-doce,20241114_165832
sumo-100-pera-rocha-pingo-doce-20-cl,Sumo 100% Pera Rocha Pingo Doce 20 cl,"0,29€ / UN",https://www.pingodoce.pt/wp-content/uploads/products/thumbnail/822445-7de9a1bf7fb663b3ac5f13caa24c30fe.jpg,https://www.pingodoce.pt/produtos/marca-propria-pingo-doce/pingo-doce/sumo-100-pera-rocha-pingo-doce-20-cl/,,pingo-doce,20241114_165832
refrigerante-com-gas-cola-zero-lata-pingo-doce-33-cl,Refrigerante com Gás Cola Zero Lata Pingo Doce 33 cl,"0,37€ / UN",https://www.pingodoce.pt/wp-content/uploads/products/thumbnail/735024-b4ed6df468d3c7a46a14ebc1ccfb1636.jpg,https://www.pingodoce.pt/produtos/marca-propria-pingo-doce/pingo-doce/refrigerante-com-gas-cola-zero-lata-pingo-doce-33-cl/,,pingo-doce,20241114_165832
nectar-classico-de-pessego-pingo-doce-25-cl,Néctar Clássico de Pêssego Pingo Doce 25 cl,"0,39€ / UN",https://www.pingodoce.pt/wp-content/uploads/products/thumbnail/596164-6a2d4b0316de36a5d15aa3a1a0bf46ff.jpg,https://www.pingodoce.pt/produtos/marca-propria-pingo-doce/pingo-doce/nectar-classico-de-pessego-pingo-doce-25-cl/,,pingo-doce,20241114_165832
nectarissimo-de-pera-pingo-doce-25-cl,Nectaríssimo de Pera Pingo Doce 25 cl,"0,39€ / UN",https://www.pingodoce.pt/wp-content/uploads/products/thumbnail/596165-ba1a88ec7b75f3ed6f1778d8fda7608c.jpg,https://www.pingodoce.pt/produtos/marca-propria-pingo-doce/pingo-doce/nectarissimo-de-pera-pingo-doce-25-cl/,,pingo-doce,20241114_165832
bebida-de-frutas-e-vitaminas-tropical-pingo-doce-20-cl,Bebida de Frutas e Vitaminas Tropical Pingo Doce 20 cl,"0,39€ / UN",https://www.pingodoce.pt/wp-content/uploads/products/thumbnail/720181-e0099871dc047d14c90253ab565c4ccf.jpg,https://www.pingodoce.pt/produtos/marca-propria-pingo-doce/pingo-doce/bebida-de-frutas-e-vitaminas-tropical-pingo-doce-20-cl/,,pingo-doce,20241114_165832
nectar-classico-de-tutti-frutti-pingo-doce-25-cl,Néctar Clássico de Tutti Frutti Pingo Doce 25 cl,"0,39€ / UN",https://www.pingodoce.pt/wp-content/uploads/products/thumbnail/728544-ccaf121b24cecec63c145fa12418dc79.jpg,https://www.pingodoce.pt/produtos/marca-propria-pingo-doce/pingo-doce/nectar-classico-de-tutti-frutti-pingo-doce-25-cl/,,pingo-doce,20241114_165832
bebida-de-frutas-e-vitaminas-pessego-pingo-doce-20-cl,Bebida de Frutas e Vitaminas Pêssego Pingo Doce 20 cl,"0,39€ / UN",https://www.pingodoce.pt/wp-content/uploads/products/thumbnail/736001-f0ef873373352db1351c30180783a630.jpg,https://www.pingodoce.pt/produtos/marca-propria-pingo-doce/pingo-doce/bebida-de-frutas-e-vitaminas-pessego-pingo-doce-20-cl/,,pingo-doce,20241114_165832
sumo-100-laranja-pingo-doce-20-cl,Sumo 100% Laranja Pingo Doce 20 cl,"0,39€ / UN",https://www.pingodoce.pt/wp-content/uploads/products/thumbnail/822451-c60912245dd8eaae09c426dca637c9f8.jpg,https://www.pingodoce.pt/produtos/marca-propria-pingo-doce/pingo-doce/sumo-100-laranja-pingo-doce-20-cl/,,pingo-doce,20241114_165832
nectar-classico-de-manga-pingo-doce-25-cl,Néctar Clássico de Manga Pingo Doce 25 cl,"0,42€ / UN",https://www.pingodoce.pt/wp-content/uploads/products/thumbnail/596167-dd6581bfdca41c5041c9256f0a769eca.jpg,https://www.pingodoce.pt/produtos/marca-propria-pingo-doce/pingo-doce/nectar-classico-de-manga-pingo-doce-25-cl/,,pingo-doce,20241114_165832
nectarissimo-de-ananas-laranja-e-coco-pingo-doce-25-cl,"Nectaríssimo de Ananás, Laranja e Coco Pingo Doce 25 cl","0,42€ / UN",https://www.pingodoce.pt/wp-content/uploads/products/thumbnail/596189-ec12fbe9e976163bd696c07557994301.jpg,https://www.pingodoce.pt/produtos/marca-propria-pingo-doce/pingo-doce/nectarissimo-de-ananas-laranja-e-coco-pingo-doce-25-cl/,,pingo-doce,20241114_165832
nectar-classico-de-maracuja-maca-e-manga-pingo-doce-25-cl,"Néctar Clássico de Maracujá, Maçã e Manga Pingo Doce 25 cl","0,42€ / UN",https://www.pingodoce.pt/wp-content/uploads/products/thumbnail/596190-4e62453f175ebe3050de7f27b4814af5.jpg,https://www.pingodoce.pt/produtos/marca-propria-pingo-doce/pingo-doce/nectar-classico-de-maracuja-maca-e-manga-pingo-doce-25-cl/,,pingo-doce,20241114_165832
bebida-anti-ox-com-frutos-vermelhos-pingo-doce-25-cl,Bebida Anti-ox com Frutos Vermelhos Pingo Doce 25 cl,"0,42€ / UN",https://www.pingodoce.pt/wp-content/uploads/products/thumbnail/728543-43830c6912034fdae28176984a20359b.jpg,https://www.pingodoce.pt/produtos/marca-propria-pingo-doce/pingo-doce/bebida-anti-ox-com-frutos-vermelhos-pingo-doce-25-cl/,,pingo-doce,20241114_165832
refrigerante-com-gas-cola-original-lata-pingo-doce-33-cl,Refrigerante com Gás Cola Original Lata Pingo Doce 33 cl,"0,43€ / UN",https://www.pingodoce.pt/wp-content/uploads/products/thumbnail/735023-6239de011351aa8820c748d128ad753b.jpg,https://www.pingodoce.pt/produtos/marca-propria-pingo-doce/pingo-doce/refrigerante-com-gas-cola-original-lata-pingo-doce-33-cl/,,pingo-doce,20241114_165832
agua-com-gas-limao-pingo-doce-25-cl,Água com Gás Limão Pingo Doce 25 cl,"0,45€ / UN",https://www.pingodoce.pt/wp-content/uploads/products/thumbnail/517208-c4e69ccfeaa078ae734ce45bf9a6f4cb.jpg,https://www.pingodoce.pt/produtos/marca-propria-pingo-doce/pingo-doce/agua-com-gas-limao-pingo-doce-25-cl/,,pingo-doce,20241114_165832
agua-tonica-lata-pingo-doce-33-cl,Água Tónica Lata Pingo Doce 33 cl,"0,49€ / UN",https://www.pingodoce.pt/wp-content/uploads/products/thumbnail/892199-a24b609a45ec7b068a2cba0fa1a90fdd.jpg,https://www.pingodoce.pt/produtos/marca-propria-pingo-doce/pingo-doce/agua-tonica-lata-pingo-doce-33-cl/,,pingo-doce,20241114_165832
agua-alcalina-ionizada-pingo-doce-15l,"Água Alcalina Ionizada Pingo Doce 1,5L","0,49€ / UN",https://www.pingodoce.pt/wp-content/uploads/products/thumbnail/982037-1f5b606b3e23b0cdaf54cd4a227f9b6b.jpg,https://www.pingodoce.pt/produtos/marca-propria-pingo-doce/pingo-doce/agua-alcalina-ionizada-pingo-doce-15l/,,pingo-doce,20241114_165832
iced-tea-manga-lata-pingo-doce-33-cl,Iced Tea Manga Lata Pingo Doce 33 cl,"0,54€ / UN",https://www.pingodoce.pt/wp-content/uploads/products/thumbnail/735027-f3554b1e436f2ce72f84f8fe17ebd4f6.jpg,https://www.pingodoce.pt/produtos/marca-propria-pingo-doce/pingo-doce/iced-tea-manga-lata-pingo-doce-33-cl/,,pingo-doce,20241114_165832
refrigerante-com-gas-lima-limao-lata-pingo-doce-33-cl,Refrigerante com Gás Lima-Limão Lata Pingo Doce 33 cl,"0,54€ / UN",https://www.pingodoce.pt/wp-content/uploads/products/thumbnail/735028-aa347f4fc076177275ba68ecf8dfaf86.jpg,https://www.pingodoce.pt/produtos/marca-propria-pingo-doce/pingo-doce/refrigerante-com-gas-lima-limao-lata-pingo-doce-33-cl/,,pingo-doce,20241114_165832
iced-tea-pessego-lata-pingo-doce-33-cl,Iced Tea Pêssego Lata Pingo Doce 33 cl,"0,54€ / UN",https://www.pingodoce.pt/wp-content/uploads/products/thumbnail/736212-22f9e63693e77c7b6ce36ea8c31b0100.jpg,https://www.pingodoce.pt/produtos/marca-propria-pingo-doce/pingo-doce/iced-tea-pessego-lata-pingo-doce-33-cl/,,pingo-doce,20241114_165832
iced-tea-limao-lata-pingo-doce-33-cl,Iced Tea Limão Lata Pingo Doce 33 cl,"0,54€ / UN",https://www.pingodoce.pt/wp-content/uploads/products/thumbnail/854912-0ef0da28b4fa988239dde8d41224ad35.jpg,https://www.pingodoce.pt/produtos/marca-propria-pingo-doce/pingo-doce/iced-tea-limao-lata-pingo-doce-33-cl/,,pingo-doce,20241114_165832
refrigerante-com-gas-cola-zero-pingo-doce-500-ml,Refrigerante com Gás Cola Zero Pingo Doce 500 ml,"0,54€ / UN",https://www.pingodoce.pt/wp-content/uploads/products/thumbnail/977864-311ab82c97a779ad4882918723eb2f8a.jpg,https://www.pingodoce.pt/produtos/marca-propria-pingo-doce/pingo-doce/refrigerante-com-gas-cola-zero-pingo-doce-500-ml/,,pingo-doce,20241114_165832
vinho-branco-tetra-brick-pingo-doce-25-cl,Vinho Branco Tetra Brick Pingo Doce 25 cl,"0,55€ / UN",https://www.pingodoce.pt/wp-content/uploads/products/thumbnail/879468-afffd49f6b1c1a40a4ef66647a11bed6.jpg,https://www.pingodoce.pt/produtos/marca-propria-pingo-doce/pingo-doce/vinho-branco-tetra-brick-pingo-doce-25-cl/,,pingo-doce,20241114_165832
vinho-tinto-tetra-brick-pingo-doce-25-cl,Vinho Tinto Tetra Brick Pingo Doce 25 cl,"0,55€ / UN",https://www.pingodoce.pt/wp-content/uploads/products/thumbnail/879469-42dc36c18f9094d1ce30249e9b145328.jpg,https://www.pingodoce.pt/produtos/marca-propria-pingo-doce/pingo-doce/vinho-tinto-tetra-brick-pingo-doce-25-cl/,,pingo-doce,20241114_165832
gasosa-zero-pingo-doce-15l,"Gasosa Zero Pingo Doce 1,5L","0,55€ / UN",https://www.pingodoce.pt/wp-content/uploads/products/thumbnail/979217-87475b65d9bffd856fc2a3f36ce5727a.jpg,https://www.pingodoce.pt/produtos/marca-propria-pingo-doce/pingo-doce/gasosa-zero-pingo-doce-15l/,,pingo-doce,20241114_165832
refrigerante-com-gas-cola-original-pingo-doce-500-ml,Refrigerante com Gás Cola Original Pingo Doce 500 ml,"0,59€ / UN",https://www.pingodoce.pt/wp-content/uploads/products/thumbnail/977298-c973fe5fdd511a22fc8aad6fa15ec577.jpg,https://www.pingodoce.pt/produtos/marca-propria-pingo-doce/pingo-doce/refrigerante-com-gas-cola-original-pingo-doce-500-ml/,,pingo-doce,20241114_165832
sidra-com-alcool-maca-pingo-doce-33-cl,Sidra com Álcool Maçã Pingo Doce 33 cl,"0,75€ / UN",https://www.pingodoce.pt/wp-content/uploads/products/thumbnail/893936-280bd8aada3e2675085a46619c4fd210.jpg,https://www.pingodoce.pt/produtos/marca-propria-pingo-doce/pingo-doce/sidra-com-alcool-maca-pingo-doce-33-cl/,,pingo-doce,20241114_165832
refrigerante-com-gas-cola-zero-pingo-doce-2-l,Refrigerante com Gás Cola Zero Pingo Doce 2 L,"0,79€ / UN",https://www.pingodoce.pt/wp-content/uploads/products/thumbnail/632446-2d8cac274120548e96af8217d94a998f.jpg,https://www.pingodoce.pt/produtos/marca-propria-pingo-doce/pingo-doce/refrigerante-com-gas-cola-zero-pingo-doce-2-l/,,pingo-doce,20241114_165832
iced-tea-pessego-pingo-doce-50-cl,Iced Tea Pêssego Pingo Doce 50 cl,"0,79€ / UN",https://www.pingodoce.pt/wp-content/uploads/products/thumbnail/902737-4a0f9fab5320cd392fea4d4bad041054.jpg,https://www.pingodoce.pt/produtos/marca-propria-pingo-doce/pingo-doce/iced-tea-pessego-pingo-doce-50-cl/,,pingo-doce,20241114_165832
iced-tea-manga-pingo-doce-50-cl,Iced Tea Manga Pingo Doce 50 cl,"0,79€ / UN",https://www.pingodoce.pt/wp-content/uploads/products/thumbnail/902738-174b2e86edcd6a7e1430bdc07a268afc.jpg,https://www.pingodoce.pt/produtos/marca-propria-pingo-doce/pingo-doce/iced-tea-manga-pingo-doce-50-cl/,,pingo-doce,20241114_165832
agua-pingo-doce-6-l,Água Pingo Doce 6 L,"0,84€ / UN",https://www.pingodoce.pt/wp-content/uploads/products/thumbnail/868788-2796b2e5c505141349d5103cf650a96e.jpg,https://www.pingodoce.pt/produtos/marca-propria-pingo-doce/pingo-doce/agua-pingo-doce-6-l/,,pingo-doce,20241114_165832
vinho-branco-tetra-brick-pingo-doce-1-l,Vinho Branco Tetra Brick Pingo Doce 1 L,"0,85€ / UN",https://www.pingodoce.pt/wp-content/uploads/products/thumbnail/559197-d625d99485e123d6fdc3ae85c93e94b1.jpg,https://www.pingodoce.pt/produtos/marca-propria-pingo-doce/pingo-doce/vinho-branco-tetra-brick-pingo-doce-1-l/,,pingo-doce,20241114_165832
vinho-tinto-tetra-brick-pingo-doce-1-l,Vinho Tinto Tetra Brick Pingo Doce 1 L,"0,89€ / UN",https://www.pingodoce.pt/wp-content/uploads/products/thumbnail/559196-d507c25233c9e2846c46adb8acb93d14.jpg,https://www.pingodoce.pt/produtos/marca-propria-pingo-doce/pingo-doce/vinho-tinto-tetra-brick-pingo-doce-1-l/,,pingo-doce,20241114_165832
iced-tea-manga-zero-acucar-pingo-doce-2-l,Iced Tea Manga Zero Açúcar Pingo Doce 2 L,"0,89€ / UN",https://www.pingodoce.pt/wp-content/uploads/products/thumbnail/813767-9e99189a2bb7d00835787f24f1bed3f9.jpg,https://www.pingodoce.pt/produtos/marca-propria-pingo-doce/pingo-doce/iced-tea-manga-zero-acucar-pingo-doce-2-l/,,pingo-doce,20241114_165832
iced-tea-pessego-zero-acucar-pingo-doce-2-l,Iced Tea Pêssego Zero Açúcar Pingo Doce 2 L,"0,89€ / UN",https://www.pingodoce.pt/wp-content/uploads/products/thumbnail/814748-89ac649b04e236ebc95fc363828f6325.jpg,https://www.pingodoce.pt/produtos/marca-propria-pingo-doce/pingo-doce/iced-tea-pessego-zero-acucar-pingo-doce-2-l/,,pingo-doce,20241114_165832
sumo-natural-de-laranja-e-maca-pingo-doce-25-cl,Sumo Natural de Laranja e Maçã Pingo Doce 25 cl,"0,99€ / UN",https://www.pingodoce.pt/wp-content/uploads/products/thumbnail/415778-0dd17de3558f59f44365fa446b9c2282.jpg,https://www.pingodoce.pt/produtos/marca-propria-pingo-doce/pingo-doce/sumo-natural-de-laranja-e-maca-pingo-doce-25-cl/,,pingo-doce,20241114_165832
sumo-natural-de-maca-pingo-doce-25-cl,Sumo Natural de Maçã Pingo Doce 25 cl,"0,99€ / UN",https://www.pingodoce.pt/wp-content/uploads/products/thumbnail/415800-6e1db7f3c3f34e0fcf38024fea9f488d.jpg,https://www.pingodoce.pt/produtos/marca-propria-pingo-doce/pingo-doce/sumo-natural-de-maca-pingo-doce-25-cl/,,pingo-doce,20241114_165832
sumo-natural-de-maca-e-cenoura-pingo-doce-25-cl,Sumo Natural de Maçã e Cenoura Pingo Doce 25 cl,"0,99€ / UN",https://www.pingodoce.pt/wp-content/uploads/products/thumbnail/415803-fcce586c97eb5546a0ffd5869a6d345d.jpg,https://www.pingodoce.pt/produtos/marca-propria-pingo-doce/pingo-doce/sumo-natural-de-maca-e-cenoura-pingo-doce-25-cl/,,pingo-doce,20241114_165832
refrigerante-com-gas-lima-limao-pingo-doce-2-l,Refrigerante com Gás Lima-Limão Pingo Doce 2 L,"0,99€ / UN",https://www.pingodoce.pt/wp-content/uploads/products/thumbnail/648411-f935364ff7d8fa57c47e7639a5f90df7.jpg,https://www.pingodoce.pt/produtos/marca-propria-pingo-doce/pingo-doce/refrigerante-com-gas-lima-limao-pingo-doce-2-l/,,pingo-doce,20241114_165832
refrigerante-sem-gas-de-laranja-pingo-doce-15-l,"Refrigerante sem Gás de Laranja Pingo Doce 1,5 L","0,99€ / UN",https://www.pingodoce.pt/wp-content/uploads/products/thumbnail/878453-c4b54618c45b982867ca1d111d38cf48.jpg,https://www.pingodoce.pt/produtos/marca-propria-pingo-doce/pingo-doce/refrigerante-sem-gas-de-laranja-pingo-doce-15-l/,,pingo-doce,20241114_165832
refrigerante-com-gas-laranja-pingo-doce-15-l,"Refrigerante com Gás Laranja Pingo Doce 1,5 L","0,99€ / UN",https://www.pingodoce.pt/wp-content/uploads/products/thumbnail/878456-75b1745566fdee5a7d840397801f846d.jpg,https://www.pingodoce.pt/produtos/marca-propria-pingo-doce/pingo-doce/refrigerante-com-gas-laranja-pingo-doce-15-l/,,pingo-doce,20241114_165832
nectar-classico-de-roma-e-uva-pingo-doce-1-l,Néctar Clássico de Romã e Uva Pingo Doce 1 L,"0,99€ / UN",https://www.pingodoce.pt/wp-content/uploads/products/thumbnail/889315-27374cf1d49f8962029332ff46c662bc.jpg,https://www.pingodoce.pt/produtos/marca-propria-pingo-doce/pingo-doce/nectar-classico-de-roma-e-uva-pingo-doce-1-l/,,pingo-doce,20241114_165832
smoothie-acai-mix-pingo-doce-25-cl,Smoothie Açaí Mix Pingo Doce 25 cl,"0,99€ / UN",https://www.pingodoce.pt/wp-content/uploads/products/thumbnail/934094-75418a72f126fc4d2a61e2475acb6a30.jpg,https://www.pingodoce.pt/produtos/marca-propria-pingo-doce/pingo-doce/smoothie-acai-mix-pingo-doce-25-cl/,,pingo-doce,20241114_165832
super-smoothie-com-manga-e-goji-pingo-doce-25-cl,Super Smoothie com Manga e Goji Pingo Doce 25 cl,"0,99€ / UN",https://www.pingodoce.pt/wp-content/uploads/products/thumbnail/934095-2e952421d4e6723ad1d965e3c22fe27f.jpg,https://www.pingodoce.pt/produtos/marca-propria-pingo-doce/pingo-doce/super-smoothie-com-manga-e-goji-pingo-doce-25-cl/,,pingo-doce,20241114_165832
smoothie-com-mirtilo-e-roma-pingo-doce-25-cl,Smoothie com Mirtilo e Romã Pingo Doce 25 cl,"0,99€ / UN",https://www.pingodoce.pt/wp-content/uploads/products/thumbnail/934096-7a3659b53e72f25f7f2f217ea37bc5a8.jpg,https://www.pingodoce.pt/produtos/marca-propria-pingo-doce/pingo-doce/smoothie-com-mirtilo-e-roma-pingo-doce-25-cl/,,pingo-doce,20241114_165832
smoothie-vitamina-com-linhaca-e-frutos-tropicais-pingo-doce-25-cl,Smoothie + Vitamina com Linhaça e Frutos Tropicais Pingo Doce 25 cl,"0,99€ / UN",https://www.pingodoce.pt/wp-content/uploads/products/thumbnail/937263-1e551a9f3118ed1cd88bfb8d60b793e6.jpg,https://www.pingodoce.pt/produtos/marca-propria-pingo-doce/pingo-doce/smoothie-vitamina-com-linhaca-e-frutos-tropicais-pingo-doce-25-cl/,,pingo-doce,20241114_165832
bebida-shot-botanic-com-maca-infusao-de-camomila-e-lavanda-e-espirulina-pingo-doce-125-ml,"Bebida Shot Botanic com Maçã, Infusão de Camomila e Lavanda e Espirulina Pingo Doce 125 ml","0,99€ / UN",https://www.pingodoce.pt/wp-content/uploads/products/thumbnail/938422-bda09357a1fff79d6612569b6ea29abe.jpg,https://www.pingodoce.pt/produtos/marca-propria-pingo-doce/pingo-doce/bebida-shot-botanic-com-maca-infusao-de-camomila-e-lavanda-e-espirulina-pingo-doce-125-ml/,,pingo-doce,20241114_165832
bebida-shot-com-maca-roma-baga-de-sabugueiro-e-limao-pingo-doce-125-ml,"Bebida Shot com Maçã, Romã, Baga de Sabugueiro e Limão Pingo Doce 125 ml","0,99€ / UN",https://www.pingodoce.pt/wp-content/uploads/products/thumbnail/938423-be46f36e6a7190d5264bedca5caf4751.jpg,https://www.pingodoce.pt/produtos/marca-propria-pingo-doce/pingo-doce/bebida-shot-com-maca-roma-baga-de-sabugueiro-e-limao-pingo-doce-125-ml/,,pingo-doce,20241114_165832
bebida-shot-de-vitamina-c-com-maca-laranja-gengibre-e-inulina-pingo-doce-125-ml,"Bebida Shot de Vitamina C com Maçã, Laranja, Gengibre e Inulina Pingo Doce 125 ml","0,99€ / UN",https://www.pingodoce.pt/wp-content/uploads/products/thumbnail/938424-ac61c5c14678cc58738a1a05186e370d.jpg,https://www.pingodoce.pt/produtos/marca-propria-pingo-doce/pingo-doce/bebida-shot-de-vitamina-c-com-maca-laranja-gengibre-e-inulina-pingo-doce-125-ml/,,pingo-doce,20241114_165832
nectar-classico-de-pessego-pingo-doce-1l,Néctar Clássico de Pêssego Pingo Doce 1L,"0,99€ / UN",https://www.pingodoce.pt/wp-content/uploads/products/thumbnail/889313-005e89543cdad6a4227632fd0a5c91aa.jpg,https://www.pingodoce.pt/produtos/marca-propria-pingo-doce/pingo-doce/nectar-classico-de-pessego-pingo-doce-1l/,,pingo-doce,20241114_165832
refrigerante-com-gas-ananas-pingo-doce-15-l,"Refrigerante com Gás Ananás Pingo Doce 1,5 L","1,04€ / UN",https://www.pingodoce.pt/wp-content/uploads/products/thumbnail/878454-1f936e634c5d496356c344f3de03d407.jpg,https://www.pingodoce.pt/produtos/marca-propria-pingo-doce/pingo-doce/refrigerante-com-gas-ananas-pingo-doce-15-l/,,pingo-doce,20241114_165832
refrigerante-sem-gas-de-ananas-pingo-doce-15-l,"Refrigerante sem Gás de Ananás Pingo Doce 1,5 L","1,04€ / UN",https://www.pingodoce.pt/wp-content/uploads/products/thumbnail/878455-bf74e60ba41777b97f3168a314f97d01.jpg,https://www.pingodoce.pt/produtos/marca-propria-pingo-doce/pingo-doce/refrigerante-sem-gas-de-ananas-pingo-doce-15-l/,,pingo-doce,20241114_165832
sumo-100-maca-pingo-doce-15-l,"Sumo 100% Maçã Pingo Doce 1,5 L","1,09€ / UN",https://www.pingodoce.pt/wp-content/uploads/products/thumbnail/729646-af598f517f774bb663839ed14a7b4744.jpg,https://www.pingodoce.pt/produtos/marca-propria-pingo-doce/pingo-doce/sumo-100-maca-pingo-doce-15-l/,,pingo-doce,20241114_165832
nectarissimo-de-maracuja-maca-e-manga-pingo-doce-1-l,"Nectaríssimo de Maracujá, Maçã e Manga Pingo Doce 1 L","1,09€ / UN",https://www.pingodoce.pt/wp-content/uploads/products/thumbnail/889292-25502c55aebfc972fd0538ae116febc9.jpg,https://www.pingodoce.pt/produtos/marca-propria-pingo-doce/pingo-doce/nectarissimo-de-maracuja-maca-e-manga-pingo-doce-1-l/,,pingo-doce,20241114_165832
bebida-anti-ox-com-frutos-vermelhos-pingo-doce-1-l,Bebida Anti-ox com Frutos Vermelhos Pingo Doce 1 L,"1,09€ / UN",https://www.pingodoce.pt/wp-content/uploads/products/thumbnail/889316-a90a104b453b39bf603a9d13a4c37b28.jpg,https://www.pingodoce.pt/produtos/marca-propria-pingo-doce/pingo-doce/bebida-anti-ox-com-frutos-vermelhos-pingo-doce-1-l/,,pingo-doce,20241114_165832
nectarissimo-de-pessego-light-pingo-doce-1-l,Nectaríssimo de Pêssego Light Pingo Doce 1 L,"1,09€ / UN",https://www.pingodoce.pt/wp-content/uploads/products/thumbnail/889317-b48f87a6ecf30e7c7bcd0560778e111d.jpg,https://www.pingodoce.pt/produtos/marca-propria-pingo-doce/pingo-doce/nectarissimo-de-pessego-light-pingo-doce-1-l/,,pingo-doce,20241114_165832
nectarissimo-tropical-light-pingo-doce-1-l,Nectaríssimo Tropical Light Pingo Doce 1 L,"1,09€ / UN",https://www.pingodoce.pt/wp-content/uploads/products/thumbnail/889318-1333b643c494191d49a9ce5f58c9f83c.jpg,https://www.pingodoce.pt/produtos/marca-propria-pingo-doce/pingo-doce/nectarissimo-tropical-light-pingo-doce-1-l/,,pingo-doce,20241114_165832
nectarissimo-de-ananas-laranja-e-coco-pingo-doce-1-l,"Nectaríssimo de Ananás, Laranja e Coco Pingo Doce 1 L","1,09€ / UN",https://www.pingodoce.pt/wp-content/uploads/products/thumbnail/889875-58dcdfc100e1dc409723c76667831b5d.jpg,https://www.pingodoce.pt/produtos/marca-propria-pingo-doce/pingo-doce/nectarissimo-de-ananas-laranja-e-coco-pingo-doce-1-l/,,pingo-doce,20241114_165832
nectar-de-8-frutos-pingo-doce-1-l,Néctar de 8 Frutos Pingo Doce 1 L,"1,09€ / UN",https://www.pingodoce.pt/wp-content/uploads/products/thumbnail/920483-edc4b0bf9ac16c3247bfa664dd2786f5.jpg,https://www.pingodoce.pt/produtos/marca-propria-pingo-doce/pingo-doce/nectar-de-8-frutos-pingo-doce-1-l/,,pingo-doce,20241114_165832
nectar-classico-de-tutti-frutti-pingo-doce-1l,Néctar Clássico de Tutti Frutti Pingo Doce 1L,"1,09€ / UN",https://www.pingodoce.pt/wp-content/uploads/products/thumbnail/889314-d6b5d7d47589bdaff99f5777300d0a65.jpg,https://www.pingodoce.pt/produtos/marca-propria-pingo-doce/pingo-doce/nectar-classico-de-tutti-frutti-pingo-doce-1l/,,pingo-doce,20241114_165832
iced-tea-pessego-pingo-doce-15-l,"Iced Tea Pêssego Pingo Doce 1,5 L","1,14€ / UN",https://www.pingodoce.pt/wp-content/uploads/products/thumbnail/874239-4f8fb9d482f66573bec655fce3570fbe.jpg,https://www.pingodoce.pt/produtos/marca-propria-pingo-doce/pingo-doce/iced-tea-pessego-pingo-doce-15-l/,,pingo-doce,20241114_165832
iced-tea-limao-pingo-doce-15-l,"Iced Tea Limão Pingo Doce 1,5 L","1,14€ / UN",https://www.pingodoce.pt/wp-content/uploads/products/thumbnail/874240-15aa94becfe93fa0e72d166c9ce3c503.jpg,https://www.pingodoce.pt/produtos/marca-propria-pingo-doce/pingo-doce/iced-tea-limao-pingo-doce-15-l/,,pingo-doce,20241114_165832
iced-tea-manga-pingo-doce-15-l,"Iced Tea Manga Pingo Doce 1,5 L","1,14€ / UN",https://www.pingodoce.pt/wp-content/uploads/products/thumbnail/874241-42b623d83e15e595491c7793664d8dd0.jpg,https://www.pingodoce.pt/produtos/marca-propria-pingo-doce/pingo-doce/iced-tea-manga-pingo-doce-15-l/,,pingo-doce,20241114_165832
nectar-classico-de-manga-pingo-doce-1-l,Néctar Clássico de Manga Pingo Doce 1 L,"1,15€ / UN",https://www.pingodoce.pt/wp-content/uploads/products/thumbnail/889312-caaba616bcf47b7ab750670225d30c91.jpg,https://www.pingodoce.pt/produtos/marca-propria-pingo-doce/pingo-doce/nectar-classico-de-manga-pingo-doce-1-l/,,pingo-doce,20241114_165832
iced-tea-limao-pingo-doce-6x20-cl,Iced Tea Limão Pingo Doce 6×20 cl,"1,19€ / Pack",https://www.pingodoce.pt/wp-content/uploads/products/thumbnail/739292-69fe084c758708f07ebcd253b0515fe9.jpg,https://www.pingodoce.pt/produtos/marca-propria-pingo-doce/pingo-doce/iced-tea-limao-pingo-doce-6x20-cl/,,pingo-doce,20241114_165832
iced-tea-manga-pingo-doce-6x20-cl,Iced Tea Manga Pingo Doce 6×20 cl,"1,19€ / Pack",https://www.pingodoce.pt/wp-content/uploads/products/thumbnail/739293-d286d2363059961231bc7ba2fe1bd458.jpg,https://www.pingodoce.pt/produtos/marca-propria-pingo-doce/pingo-doce/iced-tea-manga-pingo-doce-6x20-cl/,,pingo-doce,20241114_165832
iced-tea-manga-pingo-doce-2-l,Iced Tea Manga Pingo Doce 2 L,"1,19€ / UN",https://www.pingodoce.pt/wp-content/uploads/products/thumbnail/740861-d186cec8b931fb53333a18c7ae295d1b.jpg,https://www.pingodoce.pt/produtos/marca-propria-pingo-doce/pingo-doce/iced-tea-manga-pingo-doce-2-l/,,pingo-doce,20241114_165832
iced-tea-pessego-pingo-doce-2-l,Iced Tea Pêssego Pingo Doce 2 L,"1,19€ / UN",https://www.pingodoce.pt/wp-content/uploads/products/thumbnail/740862-5da4ee613cb8840d6f83001bd5f8be8d.jpg,https://www.pingodoce.pt/produtos/marca-propria-pingo-doce/pingo-doce/iced-tea-pessego-pingo-doce-2-l/,,pingo-doce,20241114_165832
iced-tea-limao-pingo-doce-2-l,Iced Tea Limão Pingo Doce 2 L,"1,19€ / UN",https://www.pingodoce.pt/wp-content/uploads/products/thumbnail/759625-417595ca13f7ab2884ca0fe2359c089f.jpg,https://www.pingodoce.pt/produtos/marca-propria-pingo-doce/pingo-doce/iced-tea-limao-pingo-doce-2-l/,,pingo-doce,20241114_165832
smoothie-100-fruta-com-frutos-vermelhos-pingo-doce-33-cl,Smoothie 100% Fruta com Frutos Vermelhos Pingo Doce 33 cl,"1,19€ / UN",https://www.pingodoce.pt/wp-content/uploads/products/thumbnail/882914-f4aff88a72add464c98b3de2c858c576.jpg,https://www.pingodoce.pt/produtos/marca-propria-pingo-doce/pingo-doce/smoothie-100-fruta-com-frutos-vermelhos-pingo-doce-33-cl/,,pingo-doce,20241114_165832
smoothie-100-frutos-tropicais-pingo-doce-33-cl,Smoothie 100% Frutos Tropicais Pingo Doce 33 cl,"1,19€ / UN",https://www.pingodoce.pt/wp-content/uploads/products/thumbnail/882915-a76100f3095e6bbe5b52b5b58f5c9d18.jpg,https://www.pingodoce.pt/produtos/marca-propria-pingo-doce/pingo-doce/smoothie-100-frutos-tropicais-pingo-doce-33-cl/,,pingo-doce,20241114_165832
sumo-100-fruta-espremida-laranja-pingo-doce-33-cl,Sumo 100% Fruta Espremida Laranja Pingo Doce 33 cl,"1,19€ / UN",https://www.pingodoce.pt/wp-content/uploads/products/thumbnail/936097-c524fbc3ac5453b1e9daba37933de206.jpg,https://www.pingodoce.pt/produtos/marca-propria-pingo-doce/pingo-doce/sumo-100-fruta-espremida-laranja-pingo-doce-33-cl/,,pingo-doce,20241114_165832
smoothie-com-chia-e-maracuja-pingo-doce-250-ml,Smoothie com  Chia e Maracujá Pingo Doce 250 ml,"1,19€ / UN",https://www.pingodoce.pt/wp-content/uploads/products/thumbnail/973602-af2fe2d1e2ea4372315568043feaafd1.jpg,https://www.pingodoce.pt/produtos/marca-propria-pingo-doce/pingo-doce/smoothie-com-chia-e-maracuja-pingo-doce-250-ml/,,pingo-doce,20241114_165832
smoothie-de-ananas-e-physalis-pingo-doce-250-ml,Smoothie de Ananás e Physalis Pingo Doce 250 ml,"1,19€ / UN",https://www.pingodoce.pt/wp-content/uploads/products/thumbnail/975357-f18a99eb04f4edab661d23630ee9301a.jpg,https://www.pingodoce.pt/produtos/marca-propria-pingo-doce/pingo-doce/smoothie-de-ananas-e-physalis-pingo-doce-250-ml/,,pingo-doce,20241114_165832
limonada-classica-pingo-doce-75-cl,Limonada Clássica Pingo Doce 75 cl,"1,29€ / UN",https://www.pingodoce.pt/wp-content/uploads/products/thumbnail/934090-8c1ee7fdd83008f9cc42682af6652dd3.jpg,https://www.pingodoce.pt/produtos/marca-propria-pingo-doce/pingo-doce/limonada-classica-pingo-doce-75-cl/,,pingo-doce,20241114_165832
refrigerante-com-gas-cola-original-pingo-doce-2-l,Refrigerante com Gás Cola Original Pingo Doce 2 L,"1,35€ / UN",https://www.pingodoce.pt/wp-content/uploads/products/thumbnail/632483-46f9206f035b81b9fdc7c7c1d980d262.jpg,https://www.pingodoce.pt/produtos/marca-propria-pingo-doce/pingo-doce/refrigerante-com-gas-cola-original-pingo-doce-2-l/,,pingo-doce,20241114_165832
refrigerante-sem-gas-de-laranja-e-maracuja-pingo-doce-15-l,"Refrigerante sem Gás de Laranja e Maracujá Pingo Doce 1,5 L","1,39€ / UN",https://www.pingodoce.pt/wp-content/uploads/products/thumbnail/890293-c9c7de15f969e28c06d210ec13f311d0.jpg,https://www.pingodoce.pt/produtos/marca-propria-pingo-doce/pingo-doce/refrigerante-sem-gas-de-laranja-e-maracuja-pingo-doce-15-l/,,pingo-doce,20241114_165832
sumo-100-fruta-espremida-maca-pingo-doce-75-cl,Sumo 100% Fruta Espremida Maçã Pingo Doce 75 cl,"1,39€ / UN",https://www.pingodoce.pt/wp-content/uploads/products/thumbnail/909341-58c9d47f59a42d6c59d376f929046d41.jpg,https://www.pingodoce.pt/produtos/marca-propria-pingo-doce/pingo-doce/sumo-100-fruta-espremida-maca-pingo-doce-75-cl/,,pingo-doce,20241114_165832
sumo-100-pera-rocha-pingo-doce-15-l,"Sumo 100% Pera Rocha Pingo Doce 1,5 L","1,49€ / UN",https://www.pingodoce.pt/wp-content/uploads/products/thumbnail/822458-4bc9a1efeec90e3ec8912e50746b233b.jpg,https://www.pingodoce.pt/produtos/marca-propria-pingo-doce/pingo-doce/sumo-100-pera-rocha-pingo-doce-15-l/,,pingo-doce,20241114_165832
tisana-de-roma-e-camomila-pingo-doce-15-l,"Tisana de Romã e Camomila Pingo Doce 1,5 L","1,49€ / UN",https://www.pingodoce.pt/wp-content/uploads/products/thumbnail/901571-f1fc80e880a3751d6a320216402bb93f.jpg,https://www.pingodoce.pt/produtos/marca-propria-pingo-doce/pingo-doce/tisana-de-roma-e-camomila-pingo-doce-15-l/,,pingo-doce,20241114_165832
tisana-de-limao-e-cha-verde-pingo-doce-15-l,"Tisana de Limão e Chá Verde Pingo Doce 1,5 L","1,49€ / UN",https://www.pingodoce.pt/wp-content/uploads/products/thumbnail/901572-87f3e3f22c4f14b8de8bd4d3de438692.jpg,https://www.pingodoce.pt/produtos/marca-propria-pingo-doce/pingo-doce/tisana-de-limao-e-cha-verde-pingo-doce-15-l/,,pingo-doce,20241114_165832
sumo-100-fruta-espremida-ananas-pingo-doce-75-cl,Sumo 100% Fruta Espremida Ananás Pingo Doce 75 cl,"1,49€ / UN",https://www.pingodoce.pt/wp-content/uploads/products/thumbnail/909340-78a7275c92cc44eb2b026066304378a6.jpg,https://www.pingodoce.pt/produtos/marca-propria-pingo-doce/pingo-doce/sumo-100-fruta-espremida-ananas-pingo-doce-75-cl/,,pingo-doce,20241114_165832
sumo-de-frutas-e-vegetais-pepino-aipo-couve-e-espinafres-pingo-doce-25-cl,"Sumo de Frutas e Vegetais Pepino, Aipo, Couve e Espinafres Pingo Doce 25 cl","1,49€ / UN",https://www.pingodoce.pt/wp-content/uploads/products/thumbnail/949974-9e44f9f6ae1bcfa4a26c3f7303c2fb78.jpg,https://www.pingodoce.pt/produtos/marca-propria-pingo-doce/pingo-doce/sumo-de-frutas-e-vegetais-pepino-aipo-couve-e-espinafres-pingo-doce-25-cl/,,pingo-doce,20241114_165832
sumo-de-frutas-e-vegetais-cenoura-pera-e-beterraba-pingo-doce-25-cl,"Sumo de Frutas e Vegetais Cenoura, Pera e Beterraba Pingo Doce 25 cl","1,49€ / UN",https://www.pingodoce.pt/wp-content/uploads/products/thumbnail/949975-1015d1c0095f9c882b613c877ce5b544.jpg,https://www.pingodoce.pt/produtos/marca-propria-pingo-doce/pingo-doce/sumo-de-frutas-e-vegetais-cenoura-pera-e-beterraba-pingo-doce-25-cl/,,pingo-doce,20241114_165832
sumo-de-frutas-e-vegetais-cenoura-e-gengibre-pingo-doce-25-cl,Sumo de Frutas e Vegetais Cenoura e Gengibre Pingo Doce 25 cl,"1,49€ / UN",https://www.pingodoce.pt/wp-content/uploads/products/thumbnail/950059-abb7042614043eb6411d788bbfb2b226.jpg,https://www.pingodoce.pt/produtos/marca-propria-pingo-doce/pingo-doce/sumo-de-frutas-e-vegetais-cenoura-e-gengibre-pingo-doce-25-cl/,,pingo-doce,20241114_165832
sumo-de-maca-limao-e-hortela-pingo-doce-25-cl,"Sumo de Maçã, Limão e Hortelã Pingo Doce 25 cl","1,49€ / UN",https://www.pingodoce.pt/wp-content/uploads/products/thumbnail/952874-2ebc005c8631c623796787046e0f83ad.jpg,https://www.pingodoce.pt/produtos/marca-propria-pingo-doce/pingo-doce/sumo-de-maca-limao-e-hortela-pingo-doce-25-cl/,,pingo-doce,20241114_165832
limonada-de-frutos-vermelhos-pingo-doce-75-cl,Limonada de Frutos Vermelhos Pingo Doce 75 cl,"1,49€ / UN",https://www.pingodoce.pt/wp-content/uploads/products/thumbnail/972278-319690a74310ece933648b859c68a26f.jpg,https://www.pingodoce.pt/produtos/marca-propria-pingo-doce/pingo-doce/limonada-de-frutos-vermelhos-pingo-doce-75-cl/,,pingo-doce,20241114_165832
limonada-com-maracuja-pingo-doce-750-ml,Limonada com Maracujá Pingo Doce 750 ml,"1,49€ / UN",https://www.pingodoce.pt/wp-content/uploads/products/thumbnail/978086-6a994919b48951aba16747527081f8a4.jpg,https://www.pingodoce.pt/produtos/marca-propria-pingo-doce/pingo-doce/limonada-com-maracuja-pingo-doce-750-ml/,,pingo-doce,20241114_165832
smoothie-100-frutos-tropicais-pingo-doce-75-cl,Smoothie 100% Frutos Tropicais Pingo Doce 75 cl,"1,59€ / UN",https://www.pingodoce.pt/wp-content/uploads/products/thumbnail/923673-5d7c6e5b87eb14100203e89396ff34b6.jpg,https://www.pingodoce.pt/produtos/marca-propria-pingo-doce/pingo-doce/smoothie-100-frutos-tropicais-pingo-doce-75-cl/,,pingo-doce,20241114_165832
smoothie-100-fruta-com-ananas-e-coco-pingo-doce-75-cl,Smoothie 100% Fruta com Ananás e Coco Pingo Doce 75 cl,"1,59€ / UN",https://www.pingodoce.pt/wp-content/uploads/products/thumbnail/923674-4a41246881331bdf4f4b8b60750c7331.jpg,https://www.pingodoce.pt/produtos/marca-propria-pingo-doce/pingo-doce/smoothie-100-fruta-com-ananas-e-coco-pingo-doce-75-cl/,,pingo-doce,20241114_165832
sangria-tinta-pingo-doce-15-l,"Sangria Tinta Pingo Doce 1,5 L","1,69€ / UN",https://www.pingodoce.pt/wp-content/uploads/products/thumbnail/807887-c38a6a7436ae64bc569fcc6161ea3d04.jpg,https://www.pingodoce.pt/produtos/marca-propria-pingo-doce/pingo-doce/sangria-tinta-pingo-doce-15-l/,,pingo-doce,20241114_165832
sumo-de-uva-framboesa-e-cereja-pingo-doce-75-cl,"Sumo de Uva, Framboesa e Cereja Pingo Doce 75 cl","1,69€ / UN",https://www.pingodoce.pt/wp-content/uploads/products/thumbnail/934088-04a58d4a6a278d5602bca153970f7b80.jpg,https://www.pingodoce.pt/produtos/marca-propria-pingo-doce/pingo-doce/sumo-de-uva-framboesa-e-cereja-pingo-doce-75-cl/,,pingo-doce,20241114_165832
sumo-100-fruta-espremida-exotico-pingo-doce-75-cl,Sumo 100% Fruta Espremida Exótico Pingo Doce 75 cl,"1,69€ / UN",https://www.pingodoce.pt/wp-content/uploads/products/thumbnail/934089-709ee035646a38540cdc3a297310e1c7.jpg,https://www.pingodoce.pt/produtos/marca-propria-pingo-doce/pingo-doce/sumo-100-fruta-espremida-exotico-pingo-doce-75-cl/,,pingo-doce,20241114_165832
smoothie-de-banana-e-morango-pingo-doce-750-ml,Smoothie de Banana e Morango Pingo Doce 750 ml,"1,69€ / UN",https://www.pingodoce.pt/wp-content/uploads/products/thumbnail/975358-cf0344ece89e126baff05c018288e215.jpg,https://www.pingodoce.pt/produtos/marca-propria-pingo-doce/pingo-doce/smoothie-de-banana-e-morango-pingo-doce-750-ml/,,pingo-doce,20241114_165832
sangria-branca-pingo-doce-15-l,"Sangria Branca Pingo Doce 1,5 L","1,75€ / UN",https://www.pingodoce.pt/wp-content/uploads/products/thumbnail/856669-0d1bbad10dee8d77debb20228bb03873.jpg,https://www.pingodoce.pt/produtos/marca-propria-pingo-doce/pingo-doce/sangria-branca-pingo-doce-15-l/,,pingo-doce,20241114_165832
sumo-100-tropical-pingo-doce-15-l,"Sumo 100% Tropical Pingo Doce 1,5 L","1,79€ / UN",https://www.pingodoce.pt/wp-content/uploads/products/thumbnail/822459-38b38b6cef48fc65430d1a011cf79974.jpg,https://www.pingodoce.pt/produtos/marca-propria-pingo-doce/pingo-doce/sumo-100-tropical-pingo-doce-15-l/,,pingo-doce,20241114_165832
kombucha-coco-pingo-doce-37cl,Kombucha Coco Pingo Doce 37cl,"1,79€ / UN",https://www.pingodoce.pt/wp-content/uploads/products/thumbnail/905966-2a066966f8ff86b69b13e28c96c72307.jpg,https://www.pingodoce.pt/produtos/marca-propria-pingo-doce/pingo-doce/kombucha-coco-pingo-doce-37cl/,,pingo-doce,20241114_165832
kombucha-framboesa-pingo-doce-37cl,Kombucha Framboesa Pingo Doce 37cl,"1,79€ / UN",https://www.pingodoce.pt/wp-content/uploads/products/thumbnail/905967-e1eca4a6681828299a61bbe98528fa99.jpg,https://www.pingodoce.pt/produtos/marca-propria-pingo-doce/pingo-doce/kombucha-framboesa-pingo-doce-37cl/,,pingo-doce,20241114_165832
sumo-100-fruta-espremida-laranja-pingo-doce-1-l,Sumo 100% Fruta Espremida Laranja Pingo Doce 1 L,"1,79€ / UN",https://www.pingodoce.pt/wp-content/uploads/products/thumbnail/921800-f842044cc0319148a35f5b13582c2f80.jpg,https://www.pingodoce.pt/produtos/marca-propria-pingo-doce/pingo-doce/sumo-100-fruta-espremida-laranja-pingo-doce-1-l/,,pingo-doce,20241114_165832
sumo-de-maca-coco-uva-e-spirulina-pingo-doce-750-ml,"Sumo de Maçã, Coco, Uva e Spirulina Pingo Doce 750 ml","1,79€ / UN",https://www.pingodoce.pt/wp-content/uploads/products/thumbnail/961567-fdd60fc0e7426875152eb158623bbf52.jpg,https://www.pingodoce.pt/produtos/marca-propria-pingo-doce/pingo-doce/sumo-de-maca-coco-uva-e-spirulina-pingo-doce-750-ml/,,pingo-doce,20241114_165832
smoothie-de-abacate-com-maca-pingo-doce-250-ml,Smoothie de Abacate com Maçã Pingo Doce 250 ml,"1,79€ / UN",https://www.pingodoce.pt/wp-content/uploads/products/thumbnail/973603-c458ea5c55bc8a5e6cd05a8c67e507af.jpg,https://www.pingodoce.pt/produtos/marca-propria-pingo-doce/pingo-doce/smoothie-de-abacate-com-maca-pingo-doce-250-ml/,,pingo-doce,20241114_165832
sumo-natural-de-laranja-e-maca-pingo-doce-75-cl,Sumo Natural de Laranja e Maçã Pingo Doce 75 cl,"1,89€ / UN",https://www.pingodoce.pt/wp-content/uploads/products/thumbnail/415798-090f0a319df44dfbac87653cd4a888d7.jpg,https://www.pingodoce.pt/produtos/marca-propria-pingo-doce/pingo-doce/sumo-natural-de-laranja-e-maca-pingo-doce-75-cl/,,pingo-doce,20241114_165832
sumo-natural-de-maca-e-cenoura-pingo-doce-75-cl,Sumo Natural de Maçã e Cenoura Pingo Doce 75 cl,"1,89€ / UN",https://www.pingodoce.pt/wp-content/uploads/products/thumbnail/415804-670f93326f7d54b2cb65bf02f053549a.jpg,https://www.pingodoce.pt/produtos/marca-propria-pingo-doce/pingo-doce/sumo-natural-de-maca-e-cenoura-pingo-doce-75-cl/,,pingo-doce,20241114_165832
sumo-natural-de-maca-pingo-doce-75-cl,Sumo Natural de Maçã Pingo Doce 75 cl,"1,89€ / UN",https://www.pingodoce.pt/wp-content/uploads/products/thumbnail/415838-3ede3777f6893279537635d647faaaed.jpg,https://www.pingodoce.pt/produtos/marca-propria-pingo-doce/pingo-doce/sumo-natural-de-maca-pingo-doce-75-cl/,,pingo-doce,20241114_165832
pina-colada-sem-alcool-pingo-doce-750-ml,Piña Colada sem Álcool Pingo Doce 750 ml,"1,89€ / UN",https://www.pingodoce.pt/wp-content/uploads/products/thumbnail/961568-317c842ad0963eba6a50e1855672786d.jpg,https://www.pingodoce.pt/produtos/marca-propria-pingo-doce/pingo-doce/pina-colada-sem-alcool-pingo-doce-750-ml/,,pingo-doce,20241114_165832
mojito-de-limao-lima-e-maca-sem-alcool-pingo-doce-750-ml,"Mojito de Limão, Lima e Maçã sem Álcool Pingo Doce 750 ml","1,89€ / UN",https://www.pingodoce.pt/wp-content/uploads/products/thumbnail/961569-4a3a27f7c0e2d37eb25771784a6e3bcf.jpg,https://www.pingodoce.pt/produtos/marca-propria-pingo-doce/pingo-doce/mojito-de-limao-lima-e-maca-sem-alcool-pingo-doce-750-ml/,,pingo-doce,20241114_165832
daiquiri-de-morango-e-limao-pingo-doce-750-ml,Daiquiri de Morango e Limão Pingo Doce 750 ml,"1,89€ / UN",https://www.pingodoce.pt/wp-content/uploads/products/thumbnail/977965-dfdf08ef8bd6a25f7f438391eccbab37.jpg,https://www.pingodoce.pt/produtos/marca-propria-pingo-doce/pingo-doce/daiquiri-de-morango-e-limao-pingo-doce-750-ml/,,pingo-doce,20241114_165832
sumo-100-laranja-pingo-doce-15-l,"Sumo 100% Laranja Pingo Doce 1,5 L","1,99€ / UN",https://www.pingodoce.pt/wp-content/uploads/products/thumbnail/822437-97d014a35f8dc202cfe6e49ec68fc35d.jpg,https://www.pingodoce.pt/produtos/marca-propria-pingo-doce/pingo-doce/sumo-100-laranja-pingo-doce-15-l/,,pingo-doce,20241114_165832
sumo-100-fruta-espremida-tangerina-pingo-doce-1-l,Sumo 100% Fruta Espremida Tangerina Pingo Doce 1 L,"2,29€ / UN",https://www.pingodoce.pt/wp-content/uploads/products/thumbnail/968146-4c3f7a63043817ed19e779cb0ad3a927.jpg,https://www.pingodoce.pt/produtos/marca-propria-pingo-doce/pingo-doce/sumo-100-fruta-espremida-tangerina-pingo-doce-1-l/,,pingo-doce,20241114_165832
panache-pingo-doce-6x25-cl,Panaché Pingo Doce 6×25 cl,"2,64€ / Pack",https://www.pingodoce.pt/wp-content/uploads/products/thumbnail/763927-1939123fc24663e633a922008f459463.jpg,https://www.pingodoce.pt/produtos/marca-propria-pingo-doce/pingo-doce/panache-pingo-doce-6x25-cl/,,pingo-doce,20241114_165832
vinho-tinto-alentejo-bag-in-box-pingo-doce-75-cl,Vinho Tinto Alentejo Bag in Box Pingo Doce 75 cl,"6,49€ / UN",https://www.pingodoce.pt/wp-content/uploads/products/thumbnail/671007-b93e778cf2e1d4850e7130c7b510e6ac.jpg,https://www.pingodoce.pt/produtos/marca-propria-pingo-doce/pingo-doce/vinho-tinto-alentejo-bag-in-box-pingo-doce-75-cl/,,pingo-doce,20241114_165832
